KP_Aashish,infomubashir,StateIVLP,death_dose19,Avenger_Hindu,TheSiasatDaily,,,,,,,,,,,,,,,,,,,,,,,,,,,,,,,,,,,,,,,,,,,,,,,,,,,,,,,,,,,,,,,,,,,,,,,,,,,,,,,,,,,,,,,,,,,,,,,,,,,,,,,,,,,,,,,,,,,,,,,,,,,,,,,,,,,,,,,,,,,,,,,,,,,,,,,,,,,,,,,,,,,,,,,,,,,,,,,,,,,,,,,,,,,,,,,,,,,,,,,,,,,,,,,,,,,,,,,,,,,,,,,,,,,,,,,,,,,,,,,,,,,,,,,,,,,,,,,,,,,,,,,,,,,,,,,,,,,,,,,,,,,,,,,,,,,,,,,,,,,,,,,,,,,,,,,,,,,,,,,,,,,,,,,,,,,,,,,,,,,
IExist__Still,AlkeshAmin912,Rajshre73441992,tandav29257392,SSR474,,,,,,,,,,,,,,,,,,,,,,,,,,,,,,,,,,,,,,,,,,,,,,,,,,,,,,,,,,,,,,,,,,,,,,,,,,,,,,,,,,,,,,,,,,,,,,,,,,,,,,,,,,,,,,,,,,,,,,,,,,,,,,,,,,,,,,,,,,,,,,,,,,,,,,,,,,,,,,,,,,,,,,,,,,,,,,,,,,,,,,,,,,,,,,,,,,,,,,,,,,,,,,,,,,,,,,,,,,,,,,,,,,,,,,,,,,,,,,,,,,,,,,,,,,,,,,,,,,,,,,,,,,,,,,,,,,,,,,,,,,,,,,,,,,,,,,,,,,,,,,,,,,,,,,,,,,,,,,,,,,,,,,,,,,,,,,,,,,,,
SevadalAS,SevadalGON,CongressSevadal,SevadalAUR,SevadalVSHI,,,,,,,,,,,,,,,,,,,,,,,,,,,,,,,,,,,,,,,,,,,,,,,,,,,,,,,,,,,,,,,,,,,,,,,,,,,,,,,,,,,,,,,,,,,,,,,,,,,,,,,,,,,,,,,,,,,,,,,,,,,,,,,,,,,,,,,,,,,,,,,,,,,,,,,,,,,,,,,,,,,,,,,,,,,,,,,,,,,,,,,,,,,,,,,,,,,,,,,,,,,,,,,,,,,,,,,,,,,,,,,,,,,,,,,,,,,,,,,,,,,,,,,,,,,,,,,,,,,,,,,,,,,,,,,,,,,,,,,,,,,,,,,,,,,,,,,,,,,,,,,,,,,,,,,,,,,,,,,,,,,,,,,,,,,,,,,,,,,,
Sunilrane_bjp,Surajpatil4bjp,narendramodi,BJP4Mumbai,Vishalthakur700,AlokTiwari4Bjp,,,,,,,,,,,,,,,,,,,,,,,,,,,,,,,,,,,,,,,,,,,,,,,,,,,,,,,,,,,,,,,,,,,,,,,,,,,,,,,,,,,,,,,,,,,,,,,,,,,,,,,,,,,,,,,,,,,,,,,,,,,,,,,,,,,,,,,,,,,,,,,,,,,,,,,,,,,,,,,,,,,,,,,,,,,,,,,,,,,,,,,,,,,,,,,,,,,,,,,,,,,,,,,,,,,,,,,,,,,,,,,,,,,,,,,,,,,,,,,,,,,,,,,,,,,,,,,,,,,,,,,,,,,,,,,,,,,,,,,,,,,,,,,,,,,,,,,,,,,,,,,,,,,,,,,,,,,,,,,,,,,,,,,,,,,,,,,,,,,
NilanjanDasAITC,MamunurIslam8,RajTMC,AkashLahaAITC,ItsYourMegh,S_B_AITC,Ranajit34564303,AnupamaAitc,RatanSadhu1,RanaSahaAITC,AITCDHARANI,IndiaWantsMB,IndiawantsMB,aitcshovan,IWMSouthNadia,Sudipta87205027,Surajitmahanta1,,,,,,,,,,,,,,,,,,,,,,,,,,,,,,,,,,,,,,,,,,,,,,,,,,,,,,,,,,,,,,,,,,,,,,,,,,,,,,,,,,,,,,,,,,,,,,,,,,,,,,,,,,,,,,,,,,,,,,,,,,,,,,,,,,,,,,,,,,,,,,,,,,,,,,,,,,,,,,,,,,,,,,,,,,,,,,,,,,,,,,,,,,,,,,,,,,,,,,,,,,,,,,,,,,,,,,,,,,,,,,,,,,,,,,,,,,,,,,,,,,,,,,,,,,,,,,,,,,,,,,,,,,,,,,,,,,,,,,,,,,,,,,,,,,,,,,,,,,,,,,,,,,,,,,,,,,,,,,,,,,,,,,,,
UdayanTMC,RatanSadhu1,TuhinDutta83551512,SAYANDU02650968,AITCofficial,mdselim9126,mla52sabina,aitctuhin,,,,,,,,,,,,,,,,,,,,,,,,,,,,,,,,,,,,,,,,,,,,,,,,,,,,,,,,,,,,,,,,,,,,,,,,,,,,,,,,,,,,,,,,,,,,,,,,,,,,,,,,,,,,,,,,,,,,,,,,,,,,,,,,,,,,,,,,,,,,,,,,,,,,,,,,,,,,,,,,,,,,,,,,,,,,,,,,,,,,,,,,,,,,,,,,,,,,,,,,,,,,,,,,,,,,,,,,,,,,,,,,,,,,,,,,,,,,,,,,,,,,,,,,,,,,,,,,,,,,,,,,,,,,,,,,,,,,,,,,,,,,,,,,,,,,,,,,,,,,,,,,,,,,,,,,,,,,,,,,,,,,,,,,,,,,,,,,,
AgrahariSushila,ShreyaBagchissr,ssrians4ssr4747,manishavak,JuliaGomez91,LOVEYOUSSRMISSU,The_Last_R1de,ssr_bhakt,itsSSR,ASRH80,PorwalArchi,rashmi_sri0505,SusanCharanjit,vinodku45943290,,,,,,,,,,,,,,,,,,,,,,,,,,,,,,,,,,,,,,,,,,,,,,,,,,,,,,,,,,,,,,,,,,,,,,,,,,,,,,,,,,,,,,,,,,,,,,,,,,,,,,,,,,,,,,,,,,,,,,,,,,,,,,,,,,,,,,,,,,,,,,,,,,,,,,,,,,,,,,,,,,,,,,,,,,,,,,,,,,,,,,,,,,,,,,,,,,,,,,,,,,,,,,,,,,,,,,,,,,,,,,,,,,,,,,,,,,,,,,,,,,,,,,,,,,,,,,,,,,,,,,,,,,,,,,,,,,,,,,,,,,,,,,,,,,,,,,,,,,,,,,,,,,,,,,,,,,,,,,,,,,,,,,,,,,,
NYTraveler2,SusanCharanjit,AuroraMaximae,ssrians4ssr4747,Sushant53187952,vinodku45943290,RiriK2020,Im_NitinJ30,Rajshre73441992,TeamAbhay4SSR,KajalJ13,,,,,,,,,,,,,,,,,,,,,,,,,,,,,,,,,,,,,,,,,,,,,,,,,,,,,,,,,,,,,,,,,,,,,,,,,,,,,,,,,,,,,,,,,,,,,,,,,,,,,,,,,,,,,,,,,,,,,,,,,,,,,,,,,,,,,,,,,,,,,,,,,,,,,,,,,,,,,,,,,,,,,,,,,,,,,,,,,,,,,,,,,,,,,,,,,,,,,,,,,,,,,,,,,,,,,,,,,,,,,,,,,,,,,,,,,,,,,,,,,,,,,,,,,,,,,,,,,,,,,,,,,,,,,,,,,,,,,,,,,,,,,,,,,,,,,,,,,,,,,,,,,,,,,,,,,,,,,,,,,,,,,,,,,,,,,,
Sunilrane_bjp.1,GautamGambhir,Vishalthakur700,BJP4Mumbai,narendramodi,Surajpatil4bjp,AlokTiwari4Bjp,,,,,,,,,,,,,,,,,,,,,,,,,,,,,,,,,,,,,,,,,,,,,,,,,,,,,,,,,,,,,,,,,,,,,,,,,,,,,,,,,,,,,,,,,,,,,,,,,,,,,,,,,,,,,,,,,,,,,,,,,,,,,,,,,,,,,,,,,,,,,,,,,,,,,,,,,,,,,,,,,,,,,,,,,,,,,,,,,,,,,,,,,,,,,,,,,,,,,,,,,,,,,,,,,,,,,,,,,,,,,,,,,,,,,,,,,,,,,,,,,,,,,,,,,,,,,,,,,,,,,,,,,,,,,,,,,,,,,,,,,,,,,,,,,,,,,,,,,,,,,,,,,,,,,,,,,,,,,,,,,,,,,,,,,,,,,,,,,,
OfficeofSSC,Bjp4India,SureshDhakadR,bhupendrasingho,RakeshGiriBJP,LaxmiGiriBJP,ThakurramSuthar,SteelMinIndia,GyaneshwarBJP,BJP4India,DrMohanYadav51,Rssorg,iMukeshTatwal,MoRD_GoI,fskulaste,FSKulasteOffice,dryogesh_mla,DepartmentGoi,ShishupalBJP,shanviamit,PradhumnaSLodhi,BJP4MP,Alok_SharmaBJP,UshaThakurMLA,DdUikey,sharmaashishbjp,,,,,,,,,,,,,,,,,,,,,,,,,,,,,,,,,,,,,,,,,,,,,,,,,,,,,,,,,,,,,,,,,,,,,,,,,,,,,,,,,,,,,,,,,,,,,,,,,,,,,,,,,,,,,,,,,,,,,,,,,,,,,,,,,,,,,,,,,,,,,,,,,,,,,,,,,,,,,,,,,,,,,,,,,,,,,,,,,,,,,,,,,,,,,,,,,,,,,,,,,,,,,,,,,,,,,,,,,,,,,,,,,,,,,,,,,,,,,,,,,,,,,,,,,,,,,,,,,,,,,,,,,,,,,,,,,,,,,,,,,,,,,,,,,,,,,,,,,,,,,,,,,,,,,,,,,,,,,,,
RajaBrar_INC,Moizkn2,ankur_congress,sreejit06164700,MohdJavedINC,rahulsharmacong,Duhewala_inc,RuprekhaBD,SevadalSNG,INC,rajabrar_inc,raimukesh86,incutterpradesh,SUDIPGH77962031,kahlonjaskaran,SridharJayshree,AayshaKhanam,,,,,,,,,,,,,,,,,,,,,,,,,,,,,,,,,,,,,,,,,,,,,,,,,,,,,,,,,,,,,,,,,,,,,,,,,,,,,,,,,,,,,,,,,,,,,,,,,,,,,,,,,,,,,,,,,,,,,,,,,,,,,,,,,,,,,,,,,,,,,,,,,,,,,,,,,,,,,,,,,,,,,,,,,,,,,,,,,,,,,,,,,,,,,,,,,,,,,,,,,,,,,,,,,,,,,,,,,,,,,,,,,,,,,,,,,,,,,,,,,,,,,,,,,,,,,,,,,,,,,,,,,,,,,,,,,,,,,,,,,,,,,,,,,,,,,,,,,,,,,,,,,,,,,,,,,,,,,,,,,,,,,,,,
abhaysinhbjp,Mitshah1996,Mitshah4341BJP,ManishR34901441,rushichavda9799,siddhubha5217,JHARPALSINH4343,jorsangbhai,rushichavda9799,BJP4Bhavnagar,Vishalmodijam,BJP,Mitshah4341BJP,siddhubha5217,jorsangbhai,Jignesh55BJP,JHARPALSINH4343,Mitshah1996,,,,,,,,,,,,,,,,,,,,,,,,,,,,,,,,,,,,,,,,,,,,,,,,,,,,,,,,,,,,,,,,,,,,,,,,,,,,,,,,,,,,,,,,,,,,,,,,,,,,,,,,,,,,,,,,,,,,,,,,,,,,,,,,,,,,,,,,,,,,,,,,,,,,,,,,,,,,,,,,,,,,,,,,,,,,,,,,,,,,,,,,,,,,,,,,,,,,,,,,,,,,,,,,,,,,,,,,,,,,,,,,,,,,,,,,,,,,,,,,,,,,,,,,,,,,,,,,,,,,,,,,,,,,,,,,,,,,,,,,,,,,,,,,,,,,,,,,,,,,,,,,,,,,,,,,,,,,,,,,,,,,,,,
AITCofficial,AitcRupak,S_B_AITC,AITC_Dhruba,MlaNiamot,Sukumar46747007,AITCofficial,BanglarGorboMB,KhelaHobe2024,AITCJAY,Beautyaitc,SafiTmc,ItsYourMegh,GhulamRabbani_,S_k_chaudhary,sanjibsauwp,,,,,,,,,,,,,,,,,,,,,,,,,,,,,,,,,,,,,,,,,,,,,,,,,,,,,,,,,,,,,,,,,,,,,,,,,,,,,,,,,,,,,,,,,,,,,,,,,,,,,,,,,,,,,,,,,,,,,,,,,,,,,,,,,,,,,,,,,,,,,,,,,,,,,,,,,,,,,,,,,,,,,,,,,,,,,,,,,,,,,,,,,,,,,,,,,,,,,,,,,,,,,,,,,,,,,,,,,,,,,,,,,,,,,,,,,,,,,,,,,,,,,,,,,,,,,,,,,,,,,,,,,,,,,,,,,,,,,,,,,,,,,,,,,,,,,,,,,,,,,,,,,,,,,,,,,,,,,,,,,,,,,,,,,
wesaidwhatnow,SSRs_punch,Farfalla131,itsSSR,its_Mayur__,ms_N_S_V,RiriK2020,,,,,,,,,,,,,,,,,,,,,,,,,,,,,,,,,,,,,,,,,,,,,,,,,,,,,,,,,,,,,,,,,,,,,,,,,,,,,,,,,,,,,,,,,,,,,,,,,,,,,,,,,,,,,,,,,,,,,,,,,,,,,,,,,,,,,,,,,,,,,,,,,,,,,,,,,,,,,,,,,,,,,,,,,,,,,,,,,,,,,,,,,,,,,,,,,,,,,,,,,,,,,,,,,,,,,,,,,,,,,,,,,,,,,,,,,,,,,,,,,,,,,,,,,,,,,,,,,,,,,,,,,,,,,,,,,,,,,,,,,,,,,,,,,,,,,,,,,,,,,,,,,,,,,,,,,,,,,,,,,,,,,,,,,,,,,,,,,,
AlkeshAmin912,Rajshre73441992,itsSSR,SSR474,its_Mayur__,IExist__Still,Sushant53187952,LOVEYOUSSRMISSU,,,,,,,,,,,,,,,,,,,,,,,,,,,,,,,,,,,,,,,,,,,,,,,,,,,,,,,,,,,,,,,,,,,,,,,,,,,,,,,,,,,,,,,,,,,,,,,,,,,,,,,,,,,,,,,,,,,,,,,,,,,,,,,,,,,,,,,,,,,,,,,,,,,,,,,,,,,,,,,,,,,,,,,,,,,,,,,,,,,,,,,,,,,,,,,,,,,,,,,,,,,,,,,,,,,,,,,,,,,,,,,,,,,,,,,,,,,,,,,,,,,,,,,,,,,,,,,,,,,,,,,,,,,,,,,,,,,,,,,,,,,,,,,,,,,,,,,,,,,,,,,,,,,,,,,,,,,,,,,,,,,,,,,,,,,,,,,,,
IExist__Still.1,Sushant53187952,Rajshre73441992,tandav29257392,SSR474,AlkeshAmin912,,,,,,,,,,,,,,,,,,,,,,,,,,,,,,,,,,,,,,,,,,,,,,,,,,,,,,,,,,,,,,,,,,,,,,,,,,,,,,,,,,,,,,,,,,,,,,,,,,,,,,,,,,,,,,,,,,,,,,,,,,,,,,,,,,,,,,,,,,,,,,,,,,,,,,,,,,,,,,,,,,,,,,,,,,,,,,,,,,,,,,,,,,,,,,,,,,,,,,,,,,,,,,,,,,,,,,,,,,,,,,,,,,,,,,,,,,,,,,,,,,,,,,,,,,,,,,,,,,,,,,,,,,,,,,,,,,,,,,,,,,,,,,,,,,,,,,,,,,,,,,,,,,,,,,,,,,,,,,,,,,,,,,,,,,,,,,,,,,,
ajayjamwalbjp,Sudhasahu12,Rajendr07287350,MahilaMNagaland,mangla4023,BJYM,Amiteshbais,MPBJYM,AmitSahuBjp,sisodiapiyush,JariyaAdv,Ashokmishra0921,Vishalk23312052,SurendrajatBjp,j_ashwani,mmbjpnagaland,BJP4CGState,RSSorg,Subhash_online,AtirajSinghN,bjpmanipurIT,,,,,,,,,,,,,,,,,,,,,,,,,,,,,,,,,,,,,,,,,,,,,,,,,,,,,,,,,,,,,,,,,,,,,,,,,,,,,,,,,,,,,,,,,,,,,,,,,,,,,,,,,,,,,,,,,,,,,,,,,,,,,,,,,,,,,,,,,,,,,,,,,,,,,,,,,,,,,,,,,,,,,,,,,,,,,,,,,,,,,,,,,,,,,,,,,,,,,,,,,,,,,,,,,,,,,,,,,,,,,,,,,,,,,,,,,,,,,,,,,,,,,,,,,,,,,,,,,,,,,,,,,,,,,,,,,,,,,,,,,,,,,,,,,,,,,,,,,,,,,,,,,,,,,,,,,,,,,,,,,,,,
devusinh,narendramodi,AmdavadAMC,rangasunej,ChavdaRamji2,DevusinhOffice,ashishpatel74,jignesh06690902,memberofbjp,RavindraTravad1,Gopal00707Gops,ChudasmaAnshu,imayurjadav,BJP4Gujarat,DafdaJaswant,BJP4India,ShashiK83817484,devusinh,,,,,,,,,,,,,,,,,,,,,,,,,,,,,,,,,,,,,,,,,,,,,,,,,,,,,,,,,,,,,,,,,,,,,,,,,,,,,,,,,,,,,,,,,,,,,,,,,,,,,,,,,,,,,,,,,,,,,,,,,,,,,,,,,,,,,,,,,,,,,,,,,,,,,,,,,,,,,,,,,,,,,,,,,,,,,,,,,,,,,,,,,,,,,,,,,,,,,,,,,,,,,,,,,,,,,,,,,,,,,,,,,,,,,,,,,,,,,,,,,,,,,,,,,,,,,,,,,,,,,,,,,,,,,,,,,,,,,,,,,,,,,,,,,,,,,,,,,,,,,,,,,,,,,,,,,,,,,,,,,,,,,,,
pankajt0007,gurudolat,Deepak_r211,AnilSin12477215,ChiragSheth369,Ramchandra1212,dilhinhiraa,A_K_JHA1,,,,,,,,,,,,,,,,,,,,,,,,,,,,,,,,,,,,,,,,,,,,,,,,,,,,,,,,,,,,,,,,,,,,,,,,,,,,,,,,,,,,,,,,,,,,,,,,,,,,,,,,,,,,,,,,,,,,,,,,,,,,,,,,,,,,,,,,,,,,,,,,,,,,,,,,,,,,,,,,,,,,,,,,,,,,,,,,,,,,,,,,,,,,,,,,,,,,,,,,,,,,,,,,,,,,,,,,,,,,,,,,,,,,,,,,,,,,,,,,,,,,,,,,,,,,,,,,,,,,,,,,,,,,,,,,,,,,,,,,,,,,,,,,,,,,,,,,,,,,,,,,,,,,,,,,,,,,,,,,,,,,,,,,,,,,,,,,,
vjbandarubjp,NIRMALB18263682,VivekYa21517448,chaudry67ji,SriniDokka,bhssParo38,,,,,,,,,,,,,,,,,,,,,,,,,,,,,,,,,,,,,,,,,,,,,,,,,,,,,,,,,,,,,,,,,,,,,,,,,,,,,,,,,,,,,,,,,,,,,,,,,,,,,,,,,,,,,,,,,,,,,,,,,,,,,,,,,,,,,,,,,,,,,,,,,,,,,,,,,,,,,,,,,,,,,,,,,,,,,,,,,,,,,,,,,,,,,,,,,,,,,,,,,,,,,,,,,,,,,,,,,,,,,,,,,,,,,,,,,,,,,,,,,,,,,,,,,,,,,,,,,,,,,,,,,,,,,,,,,,,,,,,,,,,,,,,,,,,,,,,,,,,,,,,,,,,,,,,,,,,,,,,,,,,,,,,,,,,,,,,,,,,
VPSingh_Pilania,VPSingh_Pilania,VivekSa02182210,AbrarAh31379980,AbuHusain72,SinghSkssee,,,,,,,,,,,,,,,,,,,,,,,,,,,,,,,,,,,,,,,,,,,,,,,,,,,,,,,,,,,,,,,,,,,,,,,,,,,,,,,,,,,,,,,,,,,,,,,,,,,,,,,,,,,,,,,,,,,,,,,,,,,,,,,,,,,,,,,,,,,,,,,,,,,,,,,,,,,,,,,,,,,,,,,,,,,,,,,,,,,,,,,,,,,,,,,,,,,,,,,,,,,,,,,,,,,,,,,,,,,,,,,,,,,,,,,,,,,,,,,,,,,,,,,,,,,,,,,,,,,,,,,,,,,,,,,,,,,,,,,,,,,,,,,,,,,,,,,,,,,,,,,,,,,,,,,,,,,,,,,,,,,,,,,,,,,,,,,,,,,
coolsandira2,ramesh_g2,Ramji370,uganand1,akindtamizhan,AkhandBhaarath,sen_sindh,SiddharthMural6,shekgar,cpragalathan,,,,,,,,,,,,,,,,,,,,,,,,,,,,,,,,,,,,,,,,,,,,,,,,,,,,,,,,,,,,,,,,,,,,,,,,,,,,,,,,,,,,,,,,,,,,,,,,,,,,,,,,,,,,,,,,,,,,,,,,,,,,,,,,,,,,,,,,,,,,,,,,,,,,,,,,,,,,,,,,,,,,,,,,,,,,,,,,,,,,,,,,,,,,,,,,,,,,,,,,,,,,,,,,,,,,,,,,,,,,,,,,,,,,,,,,,,,,,,,,,,,,,,,,,,,,,,,,,,,,,,,,,,,,,,,,,,,,,,,,,,,,,,,,,,,,,,,,,,,,,,,,,,,,,,,,,,,,,,,,,,,,,,,,,,,,,,,
Anonymo05922755,Shakattack24901,archanagautamm,BuzarFan,BakPopping,shakattack24901,ShaqAhmed3,Ankur285665401,buzar_moosvi,GupiDas12,Archana85586772,patil4369,Anonymo05922755,raajsiddd,,,,,,,,,,,,,,,,,,,,,,,,,,,,,,,,,,,,,,,,,,,,,,,,,,,,,,,,,,,,,,,,,,,,,,,,,,,,,,,,,,,,,,,,,,,,,,,,,,,,,,,,,,,,,,,,,,,,,,,,,,,,,,,,,,,,,,,,,,,,,,,,,,,,,,,,,,,,,,,,,,,,,,,,,,,,,,,,,,,,,,,,,,,,,,,,,,,,,,,,,,,,,,,,,,,,,,,,,,,,,,,,,,,,,,,,,,,,,,,,,,,,,,,,,,,,,,,,,,,,,,,,,,,,,,,,,,,,,,,,,,,,,,,,,,,,,,,,,,,,,,,,,,,,,,,,,,,,,,,,,,,,,,,,,,,
Bhagwa_95,HindusUniteNow,JoshiKrutarth5,Dayanan37740589,ProfessorDeshi,stellar_naveen,DelhiteIndian,Lucifer_Bhai,BuckFlame,JAYESH29161,Bhagwa_95,,,,,,,,,,,,,,,,,,,,,,,,,,,,,,,,,,,,,,,,,,,,,,,,,,,,,,,,,,,,,,,,,,,,,,,,,,,,,,,,,,,,,,,,,,,,,,,,,,,,,,,,,,,,,,,,,,,,,,,,,,,,,,,,,,,,,,,,,,,,,,,,,,,,,,,,,,,,,,,,,,,,,,,,,,,,,,,,,,,,,,,,,,,,,,,,,,,,,,,,,,,,,,,,,,,,,,,,,,,,,,,,,,,,,,,,,,,,,,,,,,,,,,,,,,,,,,,,,,,,,,,,,,,,,,,,,,,,,,,,,,,,,,,,,,,,,,,,,,,,,,,,,,,,,,,,,,,,,,,,,,,,,,,,,,,,,,
SunilKothiyal6,SunilKandalkar4,Vishal14523167,manikeshava12,Nikem_DE,Aryancx911,cosmicblinker,ravindranaspure,HistoricalGem,Engr_Yash_Naik,BHAGWA__BHARAT,MrAshishKumarS2,RaviMeh84819085,Vignesh6548,ajoysah84240894,rk1759389,GargiZen,VikasGu89000656,manufyi,sanjaynema71,jishu06119216,,,,,,,,,,,,,,,,,,,,,,,,,,,,,,,,,,,,,,,,,,,,,,,,,,,,,,,,,,,,,,,,,,,,,,,,,,,,,,,,,,,,,,,,,,,,,,,,,,,,,,,,,,,,,,,,,,,,,,,,,,,,,,,,,,,,,,,,,,,,,,,,,,,,,,,,,,,,,,,,,,,,,,,,,,,,,,,,,,,,,,,,,,,,,,,,,,,,,,,,,,,,,,,,,,,,,,,,,,,,,,,,,,,,,,,,,,,,,,,,,,,,,,,,,,,,,,,,,,,,,,,,,,,,,,,,,,,,,,,,,,,,,,,,,,,,,,,,,,,,,,,,,,,,,,,,,,,,,,,,,,,,
KavinderGupta,LalanKumar__,GSSainiJmu,ayodhyagupta10,ssrawat98594312,_Ashwani_00,Self,BhanuPa00416665,Krishna03929926,NarendraModiji,Aabid22222,Chenab3055,DANISHARMA_,jaigurudev350,,,,,,,,,,,,,,,,,,,,,,,,,,,,,,,,,,,,,,,,,,,,,,,,,,,,,,,,,,,,,,,,,,,,,,,,,,,,,,,,,,,,,,,,,,,,,,,,,,,,,,,,,,,,,,,,,,,,,,,,,,,,,,,,,,,,,,,,,,,,,,,,,,,,,,,,,,,,,,,,,,,,,,,,,,,,,,,,,,,,,,,,,,,,,,,,,,,,,,,,,,,,,,,,,,,,,,,,,,,,,,,,,,,,,,,,,,,,,,,,,,,,,,,,,,,,,,,,,,,,,,,,,,,,,,,,,,,,,,,,,,,,,,,,,,,,,,,,,,,,,,,,,,,,,,,,,,,,,,,,,,,,,,,,,,,
KarmaaaInstant,desaipranjalbjp,KarmaaaInstant,amitshukla4u,BJP4Gujarat,BVNarayana7,bjpforbhavnagar,rdparkar77,ParasKGhelaanii,DetheEsha,ToTheeePoint,,,,,,,,,,,,,,,,,,,,,,,,,,,,,,,,,,,,,,,,,,,,,,,,,,,,,,,,,,,,,,,,,,,,,,,,,,,,,,,,,,,,,,,,,,,,,,,,,,,,,,,,,,,,,,,,,,,,,,,,,,,,,,,,,,,,,,,,,,,,,,,,,,,,,,,,,,,,,,,,,,,,,,,,,,,,,,,,,,,,,,,,,,,,,,,,,,,,,,,,,,,,,,,,,,,,,,,,,,,,,,,,,,,,,,,,,,,,,,,,,,,,,,,,,,,,,,,,,,,,,,,,,,,,,,,,,,,,,,,,,,,,,,,,,,,,,,,,,,,,,,,,,,,,,,,,,,,,,,,,,,,,,,,,,,,,,,
NirmalSinghBJP,ayodhyagupta10,factual_dogra,NirmalSinghBJP,BJYM4JK,AmbalReal,Ajay34606653,OfficeofDNSingh,padotrasachin,,,,,,,,,,,,,,,,,,,,,,,,,,,,,,,,,,,,,,,,,,,,,,,,,,,,,,,,,,,,,,,,,,,,,,,,,,,,,,,,,,,,,,,,,,,,,,,,,,,,,,,,,,,,,,,,,,,,,,,,,,,,,,,,,,,,,,,,,,,,,,,,,,,,,,,,,,,,,,,,,,,,,,,,,,,,,,,,,,,,,,,,,,,,,,,,,,,,,,,,,,,,,,,,,,,,,,,,,,,,,,,,,,,,,,,,,,,,,,,,,,,,,,,,,,,,,,,,,,,,,,,,,,,,,,,,,,,,,,,,,,,,,,,,,,,,,,,,,,,,,,,,,,,,,,,,,,,,,,,,,,,,,,,,,,,,,,,,
ProfSRK,cottila,haam76,VictoriousNamo,ShaktiPollaiBJP,MobileMovieMag,Pravsnvision,Harvansh_Batra,AkbMs1,arifaajakia,SwethaAjeeth,narendramodi,harshkkapoor,AjayGup41112037,Devishanker15,ProfSRK,HydWatch,jeetensingh,PiyushGoyalOffc,subhashchandra,samarsanatan,nsitharamanoffc,HarishK04131926,,,,,,,,,,,,,,,,,,,,,,,,,,,,,,,,,,,,,,,,,,,,,,,,,,,,,,,,,,,,,,,,,,,,,,,,,,,,,,,,,,,,,,,,,,,,,,,,,,,,,,,,,,,,,,,,,,,,,,,,,,,,,,,,,,,,,,,,,,,,,,,,,,,,,,,,,,,,,,,,,,,,,,,,,,,,,,,,,,,,,,,,,,,,,,,,,,,,,,,,,,,,,,,,,,,,,,,,,,,,,,,,,,,,,,,,,,,,,,,,,,,,,,,,,,,,,,,,,,,,,,,,,,,,,,,,,,,,,,,,,,,,,,,,,,,,,,,,,,,,,,,,,,,,,,,,,,,,,,,,,,
Hyndavitreddy,CAbhilashkumar,AndLingam,anilbatchu,Gotlathirupathi,Riderajay2,tiger_pandu,chchinni,,,,,,,,,,,,,,,,,,,,,,,,,,,,,,,,,,,,,,,,,,,,,,,,,,,,,,,,,,,,,,,,,,,,,,,,,,,,,,,,,,,,,,,,,,,,,,,,,,,,,,,,,,,,,,,,,,,,,,,,,,,,,,,,,,,,,,,,,,,,,,,,,,,,,,,,,,,,,,,,,,,,,,,,,,,,,,,,,,,,,,,,,,,,,,,,,,,,,,,,,,,,,,,,,,,,,,,,,,,,,,,,,,,,,,,,,,,,,,,,,,,,,,,,,,,,,,,,,,,,,,,,,,,,,,,,,,,,,,,,,,,,,,,,,,,,,,,,,,,,,,,,,,,,,,,,,,,,,,,,,,,,,,,,,,,,,,,,,
HiiHyderabad,manutd,Yaadav_,Babatomer1,jskr26,Pavanstweetz,TelKantammal,maggiwale,rvind81,rohitDFighter,knrcinemafan,Ak4Abhi,srinathktrm,,,,,,,,,,,,,,,,,,,,,,,,,,,,,,,,,,,,,,,,,,,,,,,,,,,,,,,,,,,,,,,,,,,,,,,,,,,,,,,,,,,,,,,,,,,,,,,,,,,,,,,,,,,,,,,,,,,,,,,,,,,,,,,,,,,,,,,,,,,,,,,,,,,,,,,,,,,,,,,,,,,,,,,,,,,,,,,,,,,,,,,,,,,,,,,,,,,,,,,,,,,,,,,,,,,,,,,,,,,,,,,,,,,,,,,,,,,,,,,,,,,,,,,,,,,,,,,,,,,,,,,,,,,,,,,,,,,,,,,,,,,,,,,,,,,,,,,,,,,,,,,,,,,,,,,,,,,,,,,,,,,,,,,,,,,,
sambarakathali,Sthabathi108,vjks2021_VENKY,Maheshk44010000,Varavanaisen,Natuviral007,VigneshAnand_Vm,1966VENKAT2022,itntweetz,,,,,,,,,,,,,,,,,,,,,,,,,,,,,,,,,,,,,,,,,,,,,,,,,,,,,,,,,,,,,,,,,,,,,,,,,,,,,,,,,,,,,,,,,,,,,,,,,,,,,,,,,,,,,,,,,,,,,,,,,,,,,,,,,,,,,,,,,,,,,,,,,,,,,,,,,,,,,,,,,,,,,,,,,,,,,,,,,,,,,,,,,,,,,,,,,,,,,,,,,,,,,,,,,,,,,,,,,,,,,,,,,,,,,,,,,,,,,,,,,,,,,,,,,,,,,,,,,,,,,,,,,,,,,,,,,,,,,,,,,,,,,,,,,,,,,,,,,,,,,,,,,,,,,,,,,,,,,,,,,,,,,,,,,,,,,,,,
vaidicphysics,Parthib33994240,Natuviral007,actorvijay,PrivateVinodhR,maapravin,RajD87861841,Sunmoonairwind,Johnrarulraj,Varavanaisen,Vijayak55295678,MunnalN,VigneshAnand_Vm,kennadyvalli,1966VENKAT2022,Selfrespect_all,Satysk,vjks2021_VENKY,arunagiri22,,,,,,,,,,,,,,,,,,,,,,,,,,,,,,,,,,,,,,,,,,,,,,,,,,,,,,,,,,,,,,,,,,,,,,,,,,,,,,,,,,,,,,,,,,,,,,,,,,,,,,,,,,,,,,,,,,,,,,,,,,,,,,,,,,,,,,,,,,,,,,,,,,,,,,,,,,,,,,,,,,,,,,,,,,,,,,,,,,,,,,,,,,,,,,,,,,,,,,,,,,,,,,,,,,,,,,,,,,,,,,,,,,,,,,,,,,,,,,,,,,,,,,,,,,,,,,,,,,,,,,,,,,,,,,,,,,,,,,,,,,,,,,,,,,,,,,,,,,,,,,,,,,,,,,,,,,,,,,,,,,,,,,
pesutamizhapesu,csivanantham91,SureanSai2,proudsanatanan,BuzzDharani,Dina_HDL,harikarthikBJP,velu96883996,suvarchalakb,venkat2611siva,iamradioguru,rakar_163,SobanSo82039869,IamHuma70753981,Ponnuvelk4,GuruPrasadh9,sharadharamesh,RagupathyRagup4,,,,,,,,,,,,,,,,,,,,,,,,,,,,,,,,,,,,,,,,,,,,,,,,,,,,,,,,,,,,,,,,,,,,,,,,,,,,,,,,,,,,,,,,,,,,,,,,,,,,,,,,,,,,,,,,,,,,,,,,,,,,,,,,,,,,,,,,,,,,,,,,,,,,,,,,,,,,,,,,,,,,,,,,,,,,,,,,,,,,,,,,,,,,,,,,,,,,,,,,,,,,,,,,,,,,,,,,,,,,,,,,,,,,,,,,,,,,,,,,,,,,,,,,,,,,,,,,,,,,,,,,,,,,,,,,,,,,,,,,,,,,,,,,,,,,,,,,,,,,,,,,,,,,,,,,,,,,,,,,,,,,,,,
pesutamizhapesu.1,SobanSo82039869,KGOBIKANNAN,RaviCha19439313,anavrittim,Pari86979116,iamradioguru,harikarthikBJP,ImExploring2,,,,,,,,,,,,,,,,,,,,,,,,,,,,,,,,,,,,,,,,,,,,,,,,,,,,,,,,,,,,,,,,,,,,,,,,,,,,,,,,,,,,,,,,,,,,,,,,,,,,,,,,,,,,,,,,,,,,,,,,,,,,,,,,,,,,,,,,,,,,,,,,,,,,,,,,,,,,,,,,,,,,,,,,,,,,,,,,,,,,,,,,,,,,,,,,,,,,,,,,,,,,,,,,,,,,,,,,,,,,,,,,,,,,,,,,,,,,,,,,,,,,,,,,,,,,,,,,,,,,,,,,,,,,,,,,,,,,,,,,,,,,,,,,,,,,,,,,,,,,,,,,,,,,,,,,,,,,,,,,,,,,,,,,,,,,,,,,
SevadalTN,SevadalVSHI,SevadalTUP,SevadalAWR,CongressSevadal,MustafaAsif069,SevadalDausa,SevadalUPB,SevadalWDL,SevadalTN,SevadalAUR,SevadalCG,LaljiDesaiG,INC_FOR_INDIA,ArijitmINC,official_arulk,PurushaDeepak,BhusanSingh7,LalgiDesai,,,,,,,,,,,,,,,,,,,,,,,,,,,,,,,,,,,,,,,,,,,,,,,,,,,,,,,,,,,,,,,,,,,,,,,,,,,,,,,,,,,,,,,,,,,,,,,,,,,,,,,,,,,,,,,,,,,,,,,,,,,,,,,,,,,,,,,,,,,,,,,,,,,,,,,,,,,,,,,,,,,,,,,,,,,,,,,,,,,,,,,,,,,,,,,,,,,,,,,,,,,,,,,,,,,,,,,,,,,,,,,,,,,,,,,,,,,,,,,,,,,,,,,,,,,,,,,,,,,,,,,,,,,,,,,,,,,,,,,,,,,,,,,,,,,,,,,,,,,,,,,,,,,,,,,,,,,,,,,,,,,,,,
SomaDeb70842724,ashish_bhunia,in_stemm,SomaDeb70842724,SoumenSamui11,MamataOfficial,PradzWorLd,DidiForPM,ARYNEWSOFFICIAL,RakeshS99683596,Chandanyaduvnsh,VijayPr30418317,SubodhY47,jks9790,Suresh98270829,,,,,,,,,,,,,,,,,,,,,,,,,,,,,,,,,,,,,,,,,,,,,,,,,,,,,,,,,,,,,,,,,,,,,,,,,,,,,,,,,,,,,,,,,,,,,,,,,,,,,,,,,,,,,,,,,,,,,,,,,,,,,,,,,,,,,,,,,,,,,,,,,,,,,,,,,,,,,,,,,,,,,,,,,,,,,,,,,,,,,,,,,,,,,,,,,,,,,,,,,,,,,,,,,,,,,,,,,,,,,,,,,,,,,,,,,,,,,,,,,,,,,,,,,,,,,,,,,,,,,,,,,,,,,,,,,,,,,,,,,,,,,,,,,,,,,,,,,,,,,,,,,,,,,,,,,,,,,,,,,,,,,,,,,,
kanaksa75284219,ashish_bhunia,JainalAITC,TTJoddha,Narayan39666673,SoumenSamui11,in_stemm,IndiaWantsMB,MamataOfficial,,,,,,,,,,,,,,,,,,,,,,,,,,,,,,,,,,,,,,,,,,,,,,,,,,,,,,,,,,,,,,,,,,,,,,,,,,,,,,,,,,,,,,,,,,,,,,,,,,,,,,,,,,,,,,,,,,,,,,,,,,,,,,,,,,,,,,,,,,,,,,,,,,,,,,,,,,,,,,,,,,,,,,,,,,,,,,,,,,,,,,,,,,,,,,,,,,,,,,,,,,,,,,,,,,,,,,,,,,,,,,,,,,,,,,,,,,,,,,,,,,,,,,,,,,,,,,,,,,,,,,,,,,,,,,,,,,,,,,,,,,,,,,,,,,,,,,,,,,,,,,,,,,,,,,,,,,,,,,,,,,,,,,,,,,,,,,,,
DidiForPM,Goalpokher,Najibul_CSC,SoumenSamui11,chiaxiong,SubhasishRaaj,TimeNewsBangla,AITCMONDALBABU,PrabalGhosh11,UttarDinajpur,SubirDe35557319,AshokDe11,Ii7XJKG4Acu8HwD,amitmod68022395,GoI_MeitY,SalmanK74140267,IjajAhamedMoll3,CSCegov_,BhowalTaniya,skbappa06,Westbengal,SUKHENMAHATO9,in_stemm,HussainSadap,deepdutta23,ITSYOURMONDAL,AITCTATHAGAT,AITCSSMC000,IjajAhamedMoll3,SubhasishRaaj,SouravGon6,AITCTATHA,Pintu77870352,MdMilon92027032,itsyourTATHA,PratapAITC,RabiulA41176195,Susanta28743194,AITCMONDALJI,SAYANDU02650968,MimiTMCP,mdselim9126,Sanuwar98003848,ShyamBairagya,IndiaWantsMB,IsmataraKhatu16,SuprioD38423229,Debjitaitc,amitmod68022395,MentalHealthBo5,SamimMo94451103,SAMIM46689088,AKBARALIAITC,MdArifA43140355,SubirDe35557319,IjajAhamedMoll3,SubhasishRaaj,KarunamoyBhalla,RahulRa55914791,Susanta28743194,MollaHasanali,mdmiraj9126,beingjuyel,deepdutta23,GeorgeGolam,mla52sabina,SubirDe35557319,SAMIM46689088,amitmod68022395,AmirJabbarAitc,Manikaitc,AITCofficial,KishalayBaner14,najterpoth,SkMain4,GOURABTALUKDAR9,Kaushik52782377,mdselim9126,SuprioD38423229,SumitCh10032862,AbdulAzizMiah15,Sanjibb40416088,Arnabsa20594655,amitmod68022395,SubirDe35557319,Susanta28743194,MdhasanJaman,WbtmcpRSCell,SouravGon6,RvZwm,AITCofficial,AKBARALIAITC,ChandaBanamali,biswajitdhal32,nuralamSD,JahirAITCoffic,amitmod68022395,SubirDe35557319,SuprioD38423229,Susanta28743194,IjajAhamedMoll3,PmMondl1,Soumitra082AITC,WbtmcpRSCell,AngsumanDasCha1,mdselim9126,AbdulAzizMiah15,SAYANDU02650968,GoI_MeitY,mdselim9126,TimeNewsBangla,SubirDe35557319,RahulRa55914791,MdMilon92027032,BabaiPyne,CSCegov_,MamataOfficial,AngsumanDasCha1,IjajAhamedMoll3,BubunPaul15,SubhasishRaaj,NeyazAh58247979,PmMondl1,MrMonirulsk2,Susanta28743194,SAMIM46689088,MDMithunMiah786,Meejan_AITC,RvZwm,amitmod68022395,Najibul_CSC,ajmine_reza,MangalH84939323,IjajAhamedMoll3,SanjuMa04814339,Ziaurra51636551,BanglarGorboMB,AITCofficial,biswajitdhal32,AitcRupak,JanaBishwas,SubirDe35557319,KhelaHobe2024,IMRANAL54690675,MdSadda18253893,SubhasishRaaj,aitctuhin,PratapAITC,RahulRa55914791,TuhinDutta83551512,Sanuwar98003848,SAYANDU02650968,MrMonirulsk2,mla52sabina,RvZwm,DEBASIS88482934,AbhijitAITC,JhantuNayek2,aitctuhin,MamataOfficial,SwapanP99048964,Meejan_AITC,JahirAITCoffic,TuhinDutta83551512,aitc_deep,SkMain4,Sanjibb40416088,UttamMo43009182,SouravGon6,FAM4TMC,PratapAITC,deepdutta23,bibi_hasnara,mdimranali315,Diliptmcsoical,SubhasishRaaj,AbdulRa97510536,SubirDe35557319,Kishor_AITC,RvZwm,SAYANDU02650968,Biswanath,aitctuhin,Sanuwar98003848,WbtmcpRSCell,TuhinDutta83551512,asfarul_Jan,SubirDe35557319,Pradipk24416170,aitc_deep,AKBARALIAITC,mla52sabina,amitmod68022395,SubhasishRaaj,SkMain4,AITCofficial,JahirAITCoffic,MunsiSony,biswajitdhal32,KarunamoyBhalla,Biswana72398358,RvZwm,AngsumanDasCha1,NLMDOfficia,SkMain4,AKBARALIAITC,AITCTATHA,amitmod68022395,Krishne10285217,PayelGh72330529,deepdutta23,Debjitc0fficia,AITCTATHAGAT,SubirDe35557319,SkMaidu28959148,biswajitdhal32,Vidyanand_AITC,HiranmoyKar5,itsyourTATHA,IjajAhamedMoll3,DebjitOfficia,Prakash65218563,SubhasishRaaj,AbdulAzizMiah15,Krishne10285217,Sanuwar98003848,SubhasishRaaj,AKBARALIAITC,SkMain4,PratapAITC,SubirDe35557319,MdMilon92027032,biswajitdhal32,amitmod68022395,JanaBishwas,RabiulA41176195,MamataOfficial,Kishor_AITC,Meejan_AITC,KHADIMULAITC,MrMonirulsk2,MdMilon92027032,SubhasishRaaj,SpaulOfficial,PmMondl1,Akashdeep4AITC,GeorgeGolam,WbtmcpRSCell,IjajAhamedMoll3,AdonisBoo,Sukumar46747007,RajeshB62539508,biswajitdhal32,Ziaurra51636551,SubhashAITC,SubhasishRaaj,AITCofficial,deepdutta23,mla52sabina,MdMilon92027032,SkMain4,BirendraTMYC,SouravGon6,AKBARALIAITC,Sanuwar98003848,LoknathMahato16,SpaulOfficial,RabiulA41176195,PmMondl1,SkMaidu28959148,SAYANDU02650968,AKBARALIAITC,Sanuwar98003848,mla52sabina,SubirDe35557319,SubhasishRaaj,ShahidNayeem10,IjajAhamedMoll3,SkMain4,IMRANAL54690675,Ziaurra51636551,PmMondl1,biswajitdhal32,deepdutta23,MdMilon92027032,GeorgeGolam,ShinghaKumar,AITCofficial,mla52sabina,skimran28974916,IndiaWantsMB,SubhasishRaaj,GeorgeGolam,MdMilon92027032,Kishor_AITC,JahirAITCoffic,in_stemm,Ziaurra51636551,deepdutta23,AITCofficial,ttjoddha,asfarul_Jan,PAPAIDASAITC,SubirDe35557319,MdhasanJaman,Shahnaw35903361,RahulRa55914791,SkMain4,Debjitaitc,SahilAktarMond,Samrat63997071,Kishor_AITC,GeorgeGolam,SubirDe35557319,GOURABTALUKDAR9,ImBickyAITC,KHADIMULAITC,Shubhaj79463102,Partha7Paul,Meejan_AITC,MamataOfficial,SamimMo94451103,ajmine_reza,DarjeelingVoice,SubhasishRaaj,PmMondl1,CSCegov_,Najibul_CSC,MilanMa17062430,SubhasishRaaj,SubhashAITC,ur_jaman,WbtmcpRSCell,Shubhaj79463102,silent_horror_night,TimeNewsBangla,deepdutta23,SILENTHORRORNI1,SahilAktarMond,GoI_MeitY,MdhasanJaman,SubirDe35557319,Krishne10285217,GeorgeGolam,Kishor_AITC
ARYNEWSOFFICIAL,rm_waseem,I_AmnaDar,yasirthegreat81,smasood801,AbbasAnsariTW,Lufthansa,lodi_khan_ash,Norzaly,MLKAdil,yousafbalochs,mnomanz7,Iamahmedddd,Ayesha73942483,nadeem_ahmedzai,MobinMalikSpeak,AbdullahTwetsPK,iamuzairsadiq,shaffkazi98,ImrankhanPTI,TAK0570,Fau8zi,mubasherulhassa,danishali_q,tahsinfatima9,momiqazi,NamrahIkhan,HumairaYousafi,Worldwide_Plc,attifraza,Host77547421,hskpakistan,ghauri_a,,,,,,,,,,,,,,,,,,,,,,,,,,,,,,,,,,,,,,,,,,,,,,,,,,,,,,,,,,,,,,,,,,,,,,,,,,,,,,,,,,,,,,,,,,,,,,,,,,,,,,,,,,,,,,,,,,,,,,,,,,,,,,,,,,,,,,,,,,,,,,,,,,,,,,,,,,,,,,,,,,,,,,,,,,,,,,,,,,,,,,,,,,,,,,,,,,,,,,,,,,,,,,,,,,,,,,,,,,,,,,,,,,,,,,,,,,,,,,,,,,,,,,,,,,,,,,,,,,,,,,,,,,,,,,,,,,,,,,,,,,,,,,,,,,,,,,,,,,,,,,,,,,,,,,,,
NH_India,INCIndia,INCDelhi,babun1515,Naveen1177,IshwarC85687777,CharmChawm,IYC,vallabhthanvi,AshokeMukherj11,truthalwayzwin,BhandariJacky,NSUI,sursmi,abhinavsinghinc,Satya8748,amms28,OfficeOfSaheb,hatefreeworldX,WALLSWahid,shanmugam_18,AheerSitaramlNC,mdanwarkhan,,,,,,,,,,,,,,,,,,,,,,,,,,,,,,,,,,,,,,,,,,,,,,,,,,,,,,,,,,,,,,,,,,,,,,,,,,,,,,,,,,,,,,,,,,,,,,,,,,,,,,,,,,,,,,,,,,,,,,,,,,,,,,,,,,,,,,,,,,,,,,,,,,,,,,,,,,,,,,,,,,,,,,,,,,,,,,,,,,,,,,,,,,,,,,,,,,,,,,,,,,,,,,,,,,,,,,,,,,,,,,,,,,,,,,,,,,,,,,,,,,,,,,,,,,,,,,,,,,,,,,,,,,,,,,,,,,,,,,,,,,,,,,,,,,,,,,,,,,,,,,,,,,,,,,,,,,,,,,,,,,
newsonepk,AM_Kiyani,smzubairbukhari,waseema62947922,Haq_7u,nadeem_dhillon,Fahad74166074,Sachin45995144,Jitende67325312,WestArt_Factory,Priti06977467,AdrLambert_IT,Rajkuma48586487,Sonia16475108,Deepak67186424,Vikrantdahiya17,,,,,,,,,,,,,,,,,,,,,,,,,,,,,,,,,,,,,,,,,,,,,,,,,,,,,,,,,,,,,,,,,,,,,,,,,,,,,,,,,,,,,,,,,,,,,,,,,,,,,,,,,,,,,,,,,,,,,,,,,,,,,,,,,,,,,,,,,,,,,,,,,,,,,,,,,,,,,,,,,,,,,,,,,,,,,,,,,,,,,,,,,,,,,,,,,,,,,,,,,,,,,,,,,,,,,,,,,,,,,,,,,,,,,,,,,,,,,,,,,,,,,,,,,,,,,,,,,,,,,,,,,,,,,,,,,,,,,,,,,,,,,,,,,,,,,,,,,,,,,,,,,,,,,,,,,,,,,,,,,,,,,,,,,
siasatpk,laiqahmadkhan1,MuhammadBinMan,Pakistn_Kashmir,KhalidK46049061,waqasahmed0,raorajpout,iKarachiwala,AmirRandhawa18,_MoosaChaudhry_,Muhammad3723326,Anonymous1093,salman0800,amad_321,SirfSaadia,yamnaqureshi,ANager77,asifwarraich684,akhtar_meerani,Absolutelynot92,shaddad_marwat,KarachiKings19s,Khalidbinhameed,ItxAwais488,strongw53986472,Hum5Ak,saimfatima1,mazhar5ali,ImranKhanPTI,KALEEMK54986623,SirfSaadia,beingAmmarAhsen,Imran46200335,SSLANONYMOUSTLS,mubasherulhassa,ali1shair,ahmadnabeel12,49shahzad,alam922852,KhazranSays,,,,,,,,,,,,,,,,,,,,,,,,,,,,,,,,,,,,,,,,,,,,,,,,,,,,,,,,,,,,,,,,,,,,,,,,,,,,,,,,,,,,,,,,,,,,,,,,,,,,,,,,,,,,,,,,,,,,,,,,,,,,,,,,,,,,,,,,,,,,,,,,,,,,,,,,,,,,,,,,,,,,,,,,,,,,,,,,,,,,,,,,,,,,,,,,,,,,,,,,,,,,,,,,,,,,,,,,,,,,,,,,,,,,,,,,,,,,,,,,,,,,,,,,,,,,,,,,,,,,,,,,,,,,,,,,,,,,,,,,,,,,,,,,,,,,,,,,,,,,,,,,,
PradzWorLd,AngieTribecca,Indian2001Shibu,akshay_vbk78,PradzWorLd,clarkk_KalEl,kukk44,asmatasleem13,,,,,,,,,,,,,,,,,,,,,,,,,,,,,,,,,,,,,,,,,,,,,,,,,,,,,,,,,,,,,,,,,,,,,,,,,,,,,,,,,,,,,,,,,,,,,,,,,,,,,,,,,,,,,,,,,,,,,,,,,,,,,,,,,,,,,,,,,,,,,,,,,,,,,,,,,,,,,,,,,,,,,,,,,,,,,,,,,,,,,,,,,,,,,,,,,,,,,,,,,,,,,,,,,,,,,,,,,,,,,,,,,,,,,,,,,,,,,,,,,,,,,,,,,,,,,,,,,,,,,,,,,,,,,,,,,,,,,,,,,,,,,,,,,,,,,,,,,,,,,,,,,,,,,,,,,,,,,,,,,,,,,,,,,,,,,,,,,
SaimaMohsin,danishhassan88,Faysalkurayshi,Alizaib36600673,HUMMUB,wolves,Ali_nouman16,LubnaRais,AAKASHPUNHANI,Malik__73,S_Ali_Hasnain,sidtayyab,saad_durrani,umairn,AAKASHPUNHANI,wolves,Faysalkurayshi,danishhassan88,LubnaRais,HUMMUB,S_Ali_Hasnain,Malik__73,sidtayyab,umairn,Ali_nouman16,Alizaib36600673,saad_durrani,,,,,,,,,,,,,,,,,,,,,,,,,,,,,,,,,,,,,,,,,,,,,,,,,,,,,,,,,,,,,,,,,,,,,,,,,,,,,,,,,,,,,,,,,,,,,,,,,,,,,,,,,,,,,,,,,,,,,,,,,,,,,,,,,,,,,,,,,,,,,,,,,,,,,,,,,,,,,,,,,,,,,,,,,,,,,,,,,,,,,,,,,,,,,,,,,,,,,,,,,,,,,,,,,,,,,,,,,,,,,,,,,,,,,,,,,,,,,,,,,,,,,,,,,,,,,,,,,,,,,,,,,,,,,,,,,,,,,,,,,,,,,,,,,,,,,,,,,,,,,,,,,,,,,,,,,,,,,,
saf_najum,ahmad_h_khan,naqvi11011,sadiqalipk,ShadrackMichira,aak_rao,pb6201,RajaAajtv,Nadsms,SadiqPk,aktmun0,jawadjahangir82,mashkooor,haq_optimist,blokkedblok,UsmanSh84194562,AdnanTanda,malik_zian,sarfraznawaz,AsadMJanjua,_265__,,,,,,,,,,,,,,,,,,,,,,,,,,,,,,,,,,,,,,,,,,,,,,,,,,,,,,,,,,,,,,,,,,,,,,,,,,,,,,,,,,,,,,,,,,,,,,,,,,,,,,,,,,,,,,,,,,,,,,,,,,,,,,,,,,,,,,,,,,,,,,,,,,,,,,,,,,,,,,,,,,,,,,,,,,,,,,,,,,,,,,,,,,,,,,,,,,,,,,,,,,,,,,,,,,,,,,,,,,,,,,,,,,,,,,,,,,,,,,,,,,,,,,,,,,,,,,,,,,,,,,,,,,,,,,,,,,,,,,,,,,,,,,,,,,,,,,,,,,,,,,,,,,,,,,,,,,,,,,,,,,,,
athiyamnews,Saravana9281,karthik94492424,RAFIK37607462,kEdi_kRRisH,TV_GO_,Subbaryann,,,,,,,,,,,,,,,,,,,,,,,,,,,,,,,,,,,,,,,,,,,,,,,,,,,,,,,,,,,,,,,,,,,,,,,,,,,,,,,,,,,,,,,,,,,,,,,,,,,,,,,,,,,,,,,,,,,,,,,,,,,,,,,,,,,,,,,,,,,,,,,,,,,,,,,,,,,,,,,,,,,,,,,,,,,,,,,,,,,,,,,,,,,,,,,,,,,,,,,,,,,,,,,,,,,,,,,,,,,,,,,,,,,,,,,,,,,,,,,,,,,,,,,,,,,,,,,,,,,,,,,,,,,,,,,,,,,,,,,,,,,,,,,,,,,,,,,,,,,,,,,,,,,,,,,,,,,,,,,,,,,,,,,,,,,,,,,,,,
nakkheeranweb,HifzaMazherPTI,ShahidF90207594,Saifullahkhankh,Haroonb18045688,MIbiRKhan,KhazranSays,hassan_k82,oppochkr,sadafabdullah71,Aisha73476507,waqasahmed0,Heartvoice,SirfSaadia,MuhammadPTI,SAMMA438,Noorazeemk,therealMUsman,Dewax12Rr,EzhilSpeed99,Murugan_170596,JawaharC7,rationalisttn,Santhos19817475,urs_parani,urs_SSK,kannanpitchai1,,,,,,,,,,,,,,,,,,,,,,,,,,,,,,,,,,,,,,,,,,,,,,,,,,,,,,,,,,,,,,,,,,,,,,,,,,,,,,,,,,,,,,,,,,,,,,,,,,,,,,,,,,,,,,,,,,,,,,,,,,,,,,,,,,,,,,,,,,,,,,,,,,,,,,,,,,,,,,,,,,,,,,,,,,,,,,,,,,,,,,,,,,,,,,,,,,,,,,,,,,,,,,,,,,,,,,,,,,,,,,,,,,,,,,,,,,,,,,,,,,,,,,,,,,,,,,,,,,,,,,,,,,,,,,,,,,,,,,,,,,,,,,,,,,,,,,,,,,,,,,,,,,,,,,,,,,,,,,
vaidicphysics.1,RakeshS99683596,Chandanyaduvnsh,VijayPr30418317,SubodhY47,jks9790,Suresh98270829,,,,,,,,,,,,,,,,,,,,,,,,,,,,,,,,,,,,,,,,,,,,,,,,,,,,,,,,,,,,,,,,,,,,,,,,,,,,,,,,,,,,,,,,,,,,,,,,,,,,,,,,,,,,,,,,,,,,,,,,,,,,,,,,,,,,,,,,,,,,,,,,,,,,,,,,,,,,,,,,,,,,,,,,,,,,,,,,,,,,,,,,,,,,,,,,,,,,,,,,,,,,,,,,,,,,,,,,,,,,,,,,,,,,,,,,,,,,,,,,,,,,,,,,,,,,,,,,,,,,,,,,,,,,,,,,,,,,,,,,,,,,,,,,,,,,,,,,,,,,,,,,,,,,,,,,,,,,,,,,,,,,,,,,,,,,,,,,,,
mediyaannews,Het21X18qIxMbw1,ajithr345,VelkumarIyyappa,rsvasudevan,ajakster,balachander1962,,,,,,,,,,,,,,,,,,,,,,,,,,,,,,,,,,,,,,,,,,,,,,,,,,,,,,,,,,,,,,,,,,,,,,,,,,,,,,,,,,,,,,,,,,,,,,,,,,,,,,,,,,,,,,,,,,,,,,,,,,,,,,,,,,,,,,,,,,,,,,,,,,,,,,,,,,,,,,,,,,,,,,,,,,,,,,,,,,,,,,,,,,,,,,,,,,,,,,,,,,,,,,,,,,,,,,,,,,,,,,,,,,,,,,,,,,,,,,,,,,,,,,,,,,,,,,,,,,,,,,,,,,,,,,,,,,,,,,,,,,,,,,,,,,,,,,,,,,,,,,,,,,,,,,,,,,,,,,,,,,,,,,,,,,,,,,,,,,
krishnagahlawat,nrmelsingh,Naveen_Odisha,Parvesh57925861,SatishK56367538,Baljeet73267102,Mukesh13691550,ruppakjoon,surende42049329,nitin_gadkari,Ashish85463808,Rajash81965213,Sachin45995144,Jitende67325312,WestArt_Factory,Priti06977467,AdrLambert_IT,Rajkuma48586487,Sonia16475108,Deepak67186424,Vikrantdahiya17,dahiyapraveen23,Ratansingg2,AdoptionsUk,Amardee77668778,BijenderGahlaw4,Vikas32021690,Mukash68578607,Emran98976387,Vinodku10009327,hoodaofficial,bjd_odisha,Ratansingg2,Rajash81965213,Priti06977467,surende42049329,Vikrantdahiya17,hoodaofficial,Rajkuma48586487,Deepak67186424,BijenderGahlaw4,dahiyapraveen23,Baljeet73267102,Emran98976387,Parvesh57925861,Vinodku10009327,Ashish85463808,Amardee77668778,SatishK56367538,ruppakjoon,nrmelsingh,Vikas32021690,Mukash68578607,Jitende67325312,Sonia16475108,BijenderGahlaw4,nrmelsingh,Vikas32021690,Mukash68578607,Sonia16475108,Priti06977467,surende42049329,Deepak67186424,nanu3224,ruppakjoon,Vikrantdahiya17,Ravinde22263451,SatishK56367538,Rajkuma48586487,Amardee77668778,Baljeet73267102,Rajash81965213,Jitende67325312,Emran98976387,Ashish85463808,hoodaofficial,Parvesh57925861,dahiyapraveen23,AjadAli94795459,Parvesh57925861,parmilasingh3,Ravinde22263451,Poonamdahiya20,Deepak67186424,Rajash81965213,Gaurav28995128,SatishK56367538,AmitRai24844288,Prashan67747064,Sumitra36221119,VinodHo04764556,Sunil22505219,BijenderGahlaw4,surende42049329,Bhupigusain7,Krishan22185016,NiteshDabas13,SabbirK50949137,ruppakjoon,ravipratap574,pushkar4336,Narende54452954,KumarPayoj,Emran98976387,Mukash68578607,KanikaManchand9,SureshK74501564,nanu3224,Dheeraj88423133,ManojKu15663474,Aman44642315,xQ8DzD6KulodwC4,,,,,,,,,,,,,,,,,,,,,,,,,,,,,,,,,,,,,,,,,,,,,,,,,,,,,,,,,,,,,,,,,,,,,,,,,,,,,,,,,,,,,,,,,,,,,,,,,,,,,,,,,,,,,,,,,,,,,,,,,,,,,,,,,,,,,,,,,,,,,,,,,,,,,,,,,,,,,,,,,,,,,,,,,,,,,,,,,,,,,,,,,,,,,,,,,,,,,,,,,,,,,,,,,,,,,,,,,,,,,,,,,,,,,,,,,
EconomicTimes,MeenaTarunYadav,chanakya485,Pramodsamar1,SherBah46958042,Priyara49079674,BeingMamtaji,narendramodi,Gajjusay,NANDUVARU,AShardaDevi,PemaKhanduBJP,BjpArvindBihar,KapilMishra_IND,Ghangal_,canaraBank,Yogesh_Gogawale,ManojKu70630177,TeamMukeshMaan,Kreatelymedia,anamikamber,sandeep_13_1_92,JigneshShah940,NilamaniN,RakeshSinha01,AmanChopra_,TajinderBagga,bjp4bihar,BJP4India,byadavbjp,DrRamOfficial,8ZcZ4AjvqvH8NQ7,manojmarada,AmritaRathodBJP,BJP4Kupwara,hindustanse,BeingSushilji,IIMC_India,KingPraveena,epfodelhinorth,SubratPathak12,AmarchandJajra,parkhi_jaydeep,_Shiva108,dhamo9988,bjpcbpandey,SarojYadavKosli,BJP4Bihar,BJPVempati,timeseek1970,KumaarGoutam,VungzaginValte,DevendraKr_Ydav,manishm12702912,NikhilAnandBJP,SanjayS97360146,bjpkm4kisan,,,,,,,,,,,,,,,,,,,,,,,,,,,,,,,,,,,,,,,,,,,,,,,,,,,,,,,,,,,,,,,,,,,,,,,,,,,,,,,,,,,,,,,,,,,,,,,,,,,,,,,,,,,,,,,,,,,,,,,,,,,,,,,,,,,,,,,,,,,,,,,,,,,,,,,,,,,,,,,,,,,,,,,,,,,,,,,,,,,,,,,,,,,,,,,,,,,,,,,,,,,,,,,,,,,,,,,,,,,,,,,,,,,,,,,,,,,,,,,,,,,,,,,,,,,,,,,,,,,,,,,,,,,,,,,,,,,,,,,,,,,,,,,,
peenaz_tyagi,SwadeshDainik,KavitaJha_02,manjeetsinghnn,Shivamp05104032,KiranKumarSon14,aajtak,JagranNews,Neerajs63849753,NewsNation,NEWSNATION,DanikBhaskar,indiatvnews,iamnavedqureshi,pramodpandey20,Avinash71266861,TyagiAruba,news24tvchannel,People,YogeshK78152899,imrajni_singh,NewsNationTV,,,,,,,,,,,,,,,,,,,,,,,,,,,,,,,,,,,,,,,,,,,,,,,,,,,,,,,,,,,,,,,,,,,,,,,,,,,,,,,,,,,,,,,,,,,,,,,,,,,,,,,,,,,,,,,,,,,,,,,,,,,,,,,,,,,,,,,,,,,,,,,,,,,,,,,,,,,,,,,,,,,,,,,,,,,,,,,,,,,,,,,,,,,,,,,,,,,,,,,,,,,,,,,,,,,,,,,,,,,,,,,,,,,,,,,,,,,,,,,,,,,,,,,,,,,,,,,,,,,,,,,,,,,,,,,,,,,,,,,,,,,,,,,,,,,,,,,,,,,,,,,,,,,,,,,,,,,,,,,,,,,
gauravsarjerao,5minsaloneok,shyvijay,SinghParmpal13,Surbiiiii,its_harshuu,,,,,,,,,,,,,,,,,,,,,,,,,,,,,,,,,,,,,,,,,,,,,,,,,,,,,,,,,,,,,,,,,,,,,,,,,,,,,,,,,,,,,,,,,,,,,,,,,,,,,,,,,,,,,,,,,,,,,,,,,,,,,,,,,,,,,,,,,,,,,,,,,,,,,,,,,,,,,,,,,,,,,,,,,,,,,,,,,,,,,,,,,,,,,,,,,,,,,,,,,,,,,,,,,,,,,,,,,,,,,,,,,,,,,,,,,,,,,,,,,,,,,,,,,,,,,,,,,,,,,,,,,,,,,,,,,,,,,,,,,,,,,,,,,,,,,,,,,,,,,,,,,,,,,,,,,,,,,,,,,,,,,,,,,,,,,,,,,,,
ModiforPMOrg,veerkhangarot,minesh_jsn,1420kunal,bond_2014,jagdish45443861,,,,,,,,,,,,,,,,,,,,,,,,,,,,,,,,,,,,,,,,,,,,,,,,,,,,,,,,,,,,,,,,,,,,,,,,,,,,,,,,,,,,,,,,,,,,,,,,,,,,,,,,,,,,,,,,,,,,,,,,,,,,,,,,,,,,,,,,,,,,,,,,,,,,,,,,,,,,,,,,,,,,,,,,,,,,,,,,,,,,,,,,,,,,,,,,,,,,,,,,,,,,,,,,,,,,,,,,,,,,,,,,,,,,,,,,,,,,,,,,,,,,,,,,,,,,,,,,,,,,,,,,,,,,,,,,,,,,,,,,,,,,,,,,,,,,,,,,,,,,,,,,,,,,,,,,,,,,,,,,,,,,,,,,,,,,,,,,,,,
DrAnju_1,DrNidhy,DrSoniaTripathi,guppi_0g,1qqueen,DrMoona_1,Rashi01r,tarundec1988,anuj_ty01,DrNutanSingh,,,,,,,,,,,,,,,,,,,,,,,,,,,,,,,,,,,,,,,,,,,,,,,,,,,,,,,,,,,,,,,,,,,,,,,,,,,,,,,,,,,,,,,,,,,,,,,,,,,,,,,,,,,,,,,,,,,,,,,,,,,,,,,,,,,,,,,,,,,,,,,,,,,,,,,,,,,,,,,,,,,,,,,,,,,,,,,,,,,,,,,,,,,,,,,,,,,,,,,,,,,,,,,,,,,,,,,,,,,,,,,,,,,,,,,,,,,,,,,,,,,,,,,,,,,,,,,,,,,,,,,,,,,,,,,,,,,,,,,,,,,,,,,,,,,,,,,,,,,,,,,,,,,,,,,,,,,,,,,,,,,,,,,,,,,,,,,
DrSoniaTripathi,DrNidhy,guppi_0g,DrMoona_1,tarundec1988,anuj_ty01,DrNutanSingh,1qqueen,Rashi01r,DrSoniaTripathi,,,,,,,,,,,,,,,,,,,,,,,,,,,,,,,,,,,,,,,,,,,,,,,,,,,,,,,,,,,,,,,,,,,,,,,,,,,,,,,,,,,,,,,,,,,,,,,,,,,,,,,,,,,,,,,,,,,,,,,,,,,,,,,,,,,,,,,,,,,,,,,,,,,,,,,,,,,,,,,,,,,,,,,,,,,,,,,,,,,,,,,,,,,,,,,,,,,,,,,,,,,,,,,,,,,,,,,,,,,,,,,,,,,,,,,,,,,,,,,,,,,,,,,,,,,,,,,,,,,,,,,,,,,,,,,,,,,,,,,,,,,,,,,,,,,,,,,,,,,,,,,,,,,,,,,,,,,,,,,,,,,,,,,,,,,,,,,
Rashi01r,DrNidhy,DrMoona_1,DrSoniaTripathi,tarundec1988,DrNutanSingh,DrAnju_1,,,,,,,,,,,,,,,,,,,,,,,,,,,,,,,,,,,,,,,,,,,,,,,,,,,,,,,,,,,,,,,,,,,,,,,,,,,,,,,,,,,,,,,,,,,,,,,,,,,,,,,,,,,,,,,,,,,,,,,,,,,,,,,,,,,,,,,,,,,,,,,,,,,,,,,,,,,,,,,,,,,,,,,,,,,,,,,,,,,,,,,,,,,,,,,,,,,,,,,,,,,,,,,,,,,,,,,,,,,,,,,,,,,,,,,,,,,,,,,,,,,,,,,,,,,,,,,,,,,,,,,,,,,,,,,,,,,,,,,,,,,,,,,,,,,,,,,,,,,,,,,,,,,,,,,,,,,,,,,,,,,,,,,,,,,,,,,,,,
guppi_0g,DrNutanSingh,anuj_ty01,1qqueen,DrAnju_1,DrNidhy,Rashi01r,tarundec1988,DrMoona_1,DrSoniaTripathi,DrMoona_1,Rashi01r,DrNutanSingh,anuj_ty01,tarundec1988,DrSoniaTripathi,Rashi01r,1qqueen,DrMoona_1,tarundec1988,DrNutanSingh,DrAnju_1,anuj_ty01,DrSoniaTripathi,,,,,,,,,,,,,,,,,,,,,,,,,,,,,,,,,,,,,,,,,,,,,,,,,,,,,,,,,,,,,,,,,,,,,,,,,,,,,,,,,,,,,,,,,,,,,,,,,,,,,,,,,,,,,,,,,,,,,,,,,,,,,,,,,,,,,,,,,,,,,,,,,,,,,,,,,,,,,,,,,,,,,,,,,,,,,,,,,,,,,,,,,,,,,,,,,,,,,,,,,,,,,,,,,,,,,,,,,,,,,,,,,,,,,,,,,,,,,,,,,,,,,,,,,,,,,,,,,,,,,,,,,,,,,,,,,,,,,,,,,,,,,,,,,,,,,,,,,,,,,,,,,,,,,,,,,,,,,,,,,
TheNisargSoni,kapilpatidar96,indiawins_p,Kuldeep52506865,ConsultancySoni,himjoshi1,sabiransari286,YadavDharamvee5,,,,,,,,,,,,,,,,,,,,,,,,,,,,,,,,,,,,,,,,,,,,,,,,,,,,,,,,,,,,,,,,,,,,,,,,,,,,,,,,,,,,,,,,,,,,,,,,,,,,,,,,,,,,,,,,,,,,,,,,,,,,,,,,,,,,,,,,,,,,,,,,,,,,,,,,,,,,,,,,,,,,,,,,,,,,,,,,,,,,,,,,,,,,,,,,,,,,,,,,,,,,,,,,,,,,,,,,,,,,,,,,,,,,,,,,,,,,,,,,,,,,,,,,,,,,,,,,,,,,,,,,,,,,,,,,,,,,,,,,,,,,,,,,,,,,,,,,,,,,,,,,,,,,,,,,,,,,,,,,,,,,,,,,,,,,,,,,,
DrNutanSingh,DrSoniaTripathi,guppi_0g,tarundec1988,anuj_ty01,DrMoona_1,Rashi01r,1qqueen,tarundec1988,DrMoona_1,Rashi01r,DrAnju_1,DrNutanSingh,guppi_0g,anuj_ty01,1qqueen,,,,,,,,,,,,,,,,,,,,,,,,,,,,,,,,,,,,,,,,,,,,,,,,,,,,,,,,,,,,,,,,,,,,,,,,,,,,,,,,,,,,,,,,,,,,,,,,,,,,,,,,,,,,,,,,,,,,,,,,,,,,,,,,,,,,,,,,,,,,,,,,,,,,,,,,,,,,,,,,,,,,,,,,,,,,,,,,,,,,,,,,,,,,,,,,,,,,,,,,,,,,,,,,,,,,,,,,,,,,,,,,,,,,,,,,,,,,,,,,,,,,,,,,,,,,,,,,,,,,,,,,,,,,,,,,,,,,,,,,,,,,,,,,,,,,,,,,,,,,,,,,,,,,,,,,,,,,,,,,,,,,,,,,,
BandanaMrs,DiveshNandwani,Taz49851819,BandanaMrs,NandanG97316422,jammy92144709,Leaking_Roof,,,,,,,,,,,,,,,,,,,,,,,,,,,,,,,,,,,,,,,,,,,,,,,,,,,,,,,,,,,,,,,,,,,,,,,,,,,,,,,,,,,,,,,,,,,,,,,,,,,,,,,,,,,,,,,,,,,,,,,,,,,,,,,,,,,,,,,,,,,,,,,,,,,,,,,,,,,,,,,,,,,,,,,,,,,,,,,,,,,,,,,,,,,,,,,,,,,,,,,,,,,,,,,,,,,,,,,,,,,,,,,,,,,,,,,,,,,,,,,,,,,,,,,,,,,,,,,,,,,,,,,,,,,,,,,,,,,,,,,,,,,,,,,,,,,,,,,,,,,,,,,,,,,,,,,,,,,,,,,,,,,,,,,,,,,,,,,,,,
EconomicTimes.1,sujeetkumar203,jnvenu,StockViz,PhilDeCarolis,iamaniku,PhilDeCarolis,ajitsinghgirsa,ETMarkets,ReutersIndia,iamakanshathakr,WSJ,souravmishra1,,,,,,,,,,,,,,,,,,,,,,,,,,,,,,,,,,,,,,,,,,,,,,,,,,,,,,,,,,,,,,,,,,,,,,,,,,,,,,,,,,,,,,,,,,,,,,,,,,,,,,,,,,,,,,,,,,,,,,,,,,,,,,,,,,,,,,,,,,,,,,,,,,,,,,,,,,,,,,,,,,,,,,,,,,,,,,,,,,,,,,,,,,,,,,,,,,,,,,,,,,,,,,,,,,,,,,,,,,,,,,,,,,,,,,,,,,,,,,,,,,,,,,,,,,,,,,,,,,,,,,,,,,,,,,,,,,,,,,,,,,,,,,,,,,,,,,,,,,,,,,,,,,,,,,,,,,,,,,,,,,,,,,,,,,,,
KrisNair1,PankajK12627633,varanasi_nsui,southcongressi,SM,govindappa_c,Rup_INC,Beinders,apmhb,TanmayRoyINC,rrajajayIN,SevadalAS,Kashmeifucan,Dheeraj_BJPUP,INCg5sabir,sensible56,INCGhogha,NaveenJangraINC,WASIMDEC,SwithinFernand3,PJJosePatris5,INC,Knit_India,mverdoux,sevadalBR,hiteshamin9,IamDuSaRa,CONGRESSTASK,DrAmtiwary1,markjfz,IYC_Mumbai,indianraaja,BHARATMALI_,MhaCongressTask,manjanathags123,satishacharya,INCSMV,SevadalMB,Khan____INC,Niyaz_Brh,IYCmaha,klmeghwal77,NazarFaridiIND,INCIndia,incvolunteers_,fekubawa,Sonu5479John,Rahulgandhi,Dayakar67650633,rajanbhamba,yoursurajnaik,vaibhav9rai,Nicky37122264,punya101,StayingReal0511,ketan_pat_,BhartiyaBharti2,Rabiul__INC,SHAJAHAN___INC,maazmirzaa,RahulGandhi,INCUttarPradesh,OmNathMishra19,madshumanbeing1,Ndlotus1,PolitiqueBlaze,Fred,priyankagandhi,RohanPandey__,Adil_INC_,07Eldho,madhavmantri,INCBANSAL,Alwynmoras4870,inc_ricky,LivJ1405,fredhamilton,INCAssam,TeamDeepender,aroonrao2000,dhrubachoudhur5,InayaSaba,Thecongressian,RV1177,SauravS_13,TheDossierTimes,Vignesh_TMV,arsiwalamurtuza,joyalphons,WasimSheikhINC,KaveetaJaain,Pravinsinh_inc,IYC,dranupmodgil,kukk44,gallerygrandeur,CongressSevadal,Db03927052,sirajkINC,DombivaliMe,Khushboosayys,csrengarajan,sn12275,Stanalb,UWCForYouth,RajivPr45330955,drmonicajagtap,nikhilkumarIND,Manav_SS_Gupta,RaviCDasgupta1,ManResistsEvil,sumitex20,MillenialGandhi,dhirendrabhuja3,knowledgetree34,A_manSays,KamothiG,Niyaz_Brh,PaulDundigalla,Khushboosayys,LivJ1405,Vikis_tweet,imPnahar99,madshumanbeing1,MDNAJIM2,sm_pf,ShoebKh01926861,dhrubachoudhur5,Avir_Ra1,Ajay51830120,SHAJAHAN___INC,ReddyRanjita,ArunKumarSinggh,WASIMDEC,coolestabhi14,RahulGandhi,AncyAniyan,WasimSheikhINC,KaveetaJaain,rrajajayIN,BhartiyaBharti2,soornahally,vivek83srivast1,BarkhaS64998873,IYC,ketan_pat_,Rup_INC,nirbhay4bjpsm,Sriniva58519584,IYCmaha,incvolunteers_,RajivPr45330955,UWCForYouth,Rajat229,INCSMV,manzurali,SevadalMB,INCIndia,NeelDas83815238,southcongressi,1953_rosy,da_boy_n_da_box,nawas_babu,CongressSevadal,surheeta,drmonicajagtap,Rabiul__INC,SevadalAS,office4shrikant,A_manSays,aroonrao2000,dranupmodgil,INCAssam,alamdar1961,Kisan_Thane,KankerYouth,Mathews43149320,rahul_bhimseria,markjfz,klmeghwal77,Aakashyadu2,AakashMahantIYC,drabbas1935,PGVForIndia,Hussainvvpl,gallerygrandeur,klmeghwal77,Kisan_Congress,LambaAlka,FaheemA11371333,RTforINDIA,INCGujarat,_tanveersheikh,V_with_RG,sumitex20,Alwynmoras4870,SwithinFernand3,akc17,A_manSays,iyc,LivJ1405,ZARA2020202,IYCmaha,incvolunteers_,Ndlotus1,INCRajasthan,ketan_pat_,Srinivasiyc,Luckystrike_007,imChikku_,INCINDIA,tuslidas,UWCForYouth,Rabiul__INC,withRG,dranupmodgil,DilSehCongress,TanmayRoyINC,Thecongressian,MDNAJIM2,sevadalBR,Avir_Ra1,indianraaja,AIPCMaha,SHAJAHAN___INC,rajanbhamba,DombivaliMe,RakeshK35974444,CongressSevadal,TeamDeepender,PriyankaGandhi,Babanoormohamm1,drmonicajagtap,ashfaq_joiyaINC,MhaCongressTask,Khushboosayys,ppshindem,southcongressi,Rup_INC,Niyaz_Brh,sirajkINC,NayakRagini,INCSMV,Sadakat_pathan,RamshettyVishnu,yoursurajnaik,WasimSheikhINC,WASIMDEC,SevadalMB,dhrubachoudhur5,NaveenJangraINC,SevadalAS,sensible56,iram_alizeh,satishkolkunda,Anilawadh1,KameshShivhare3,deepakvns2007,lilkarrr,JUNEEDca,Kisan_Thane,WithCongress,UnitedWithINC,fekubawa,bhambarajan,INCIndia,SevadalMH,SevadalKA,apmhb,VishnopiS,IYC,maazmirzaa,INCGhogha,Manav_SS_Gupta,INCg5sabir,madshumanbeing1,Mr_Jafar_,PGVForIndia,godnanna,ReddyRanjita,BHARATMALI_,kamarajdisciple,Sreedha02158367,Pravinsinh_inc,Rahulgandhi,INCAssam,1953_rosy,KESHAV_A_CHNDRA,iArifR,RajivPr45330955,nikhilkumarIND,KisanShirol,INCBANSAL,nsui,RajKuma47739261,RahulGandhi,ShidKhan13,satishacharya,CONGRESSTASK,Anyaa74579257,madhavmantri,KaveetaJaain,saraf_pankaj,DrAmtiwary1,TheDossierTimes,faqikr,ZakiyaKINC,PuneetSharmaINC,CongressTask,UWCforYouth,vivek83srivast1,INCUttarPradesh,PankajK12627633,Pooja08837493,incmp,,,,,,,,,,,,,,,,,,,,,,,,,,,,,,
RKRadhakrishn,1Akprashant,prem_anuradha,Vanakkamdoc,Sivakum78910207,natarajan_tha,ca_baniaz,veluchamyt1,anbumuvi72,,,,,,,,,,,,,,,,,,,,,,,,,,,,,,,,,,,,,,,,,,,,,,,,,,,,,,,,,,,,,,,,,,,,,,,,,,,,,,,,,,,,,,,,,,,,,,,,,,,,,,,,,,,,,,,,,,,,,,,,,,,,,,,,,,,,,,,,,,,,,,,,,,,,,,,,,,,,,,,,,,,,,,,,,,,,,,,,,,,,,,,,,,,,,,,,,,,,,,,,,,,,,,,,,,,,,,,,,,,,,,,,,,,,,,,,,,,,,,,,,,,,,,,,,,,,,,,,,,,,,,,,,,,,,,,,,,,,,,,,,,,,,,,,,,,,,,,,,,,,,,,,,,,,,,,,,,,,,,,,,,,,,,,,,,,,,,,,
nawabmalikncp,jyotipawara,ncpspeaks,BJPMM4Maha,narendramodi,ChitraKWagh,rohitkale19696,SajidShaikh124,MaheshChavanNcp,svtmumbai,MharajSayyad,supriya_sule,PawarSpeaks,sanjayborge29,NCPspeaks,Tusharsg009,Jitendr97900380,gaikwadpramod11,BJP4India,ncp_baglan,sachinvjag,sunilgirincp,mumbai_nyc,mumbaincp,DsFarooqshaikh,pnbardhan,MarathaBaan,Venkateshpatilh,NCPspeaks,PawarSpeaks,supriya_sule,Marc__Me,ashish_jadhao,sanamalikshaikh,AamirNMalik,MharajSayyad,ncp_baglan,,,,,,,,,,,,,,,,,,,,,,,,,,,,,,,,,,,,,,,,,,,,,,,,,,,,,,,,,,,,,,,,,,,,,,,,,,,,,,,,,,,,,,,,,,,,,,,,,,,,,,,,,,,,,,,,,,,,,,,,,,,,,,,,,,,,,,,,,,,,,,,,,,,,,,,,,,,,,,,,,,,,,,,,,,,,,,,,,,,,,,,,,,,,,,,,,,,,,,,,,,,,,,,,,,,,,,,,,,,,,,,,,,,,,,,,,,,,,,,,,,,,,,,,,,,,,,,,,,,,,,,,,,,,,,,,,,,,,,,,,,,,,,,,,,,,,,,,,,,,,,,,,,,,
INCAseemKP,ameenshaikh3,geetv79,vindhyachal_raj,annu_philip,dafedar78,INCIndia,tanveer1729,NSUIUPWest,Congress2019,WithCongress,plpunia,ipjaju,rathorroyal,lions567,aawara_aatma,RutvikSubhedar,RG_dilse,mazhar_jafri,d_inflow,INCUttarPradesh,BnBagul,poonamy56503827,HDFC_BANK,inti_i,JathigalIllai,natureNspirits,Mkumar_INC,mnomics_,AmirJKhan2,aGaInSt_cMmUnAl,nsui,1_w0r1d,PoonamBrdwj,CongressFans,zafariq51471375,shanmugam_18,HAShankaranaray,Naveen_Kr_Shahi,a_tembhre,Feku_No1,AugustineVarkey,DILIPLOHIA,KumarNaveen_,yuvadesh,alamgirizvi,BKalitaAssam,Ajitkumar_Kanan,NaufInd,PriyankaGandhi,proud_bhumihar,Pankaj_kapse,RahulGandhi,nitinsharma13,,,,,,,,,,,,,,,,,,,,,,,,,,,,,,,,,,,,,,,,,,,,,,,,,,,,,,,,,,,,,,,,,,,,,,,,,,,,,,,,,,,,,,,,,,,,,,,,,,,,,,,,,,,,,,,,,,,,,,,,,,,,,,,,,,,,,,,,,,,,,,,,,,,,,,,,,,,,,,,,,,,,,,,,,,,,,,,,,,,,,,,,,,,,,,,,,,,,,,,,,,,,,,,,,,,,,,,,,,,,,,,,,,,,,,,,,,,,,,,,,,,,,,,,,,,,,,,,,,,,,,,,,,,,,,,,,,,,,,,,,,,,,,,,,,,
vitorrians,Sagaumar905Das,sahamonalisa393,Iamsuraj69,amit_se123456,saha_shammi,ArunArunn1251,vitorrindia,StartupNewsIND,aakashshaw12,mayankshw191,kelvinblu,,,,,,,,,,,,,,,,,,,,,,,,,,,,,,,,,,,,,,,,,,,,,,,,,,,,,,,,,,,,,,,,,,,,,,,,,,,,,,,,,,,,,,,,,,,,,,,,,,,,,,,,,,,,,,,,,,,,,,,,,,,,,,,,,,,,,,,,,,,,,,,,,,,,,,,,,,,,,,,,,,,,,,,,,,,,,,,,,,,,,,,,,,,,,,,,,,,,,,,,,,,,,,,,,,,,,,,,,,,,,,,,,,,,,,,,,,,,,,,,,,,,,,,,,,,,,,,,,,,,,,,,,,,,,,,,,,,,,,,,,,,,,,,,,,,,,,,,,,,,,,,,,,,,,,,,,,,,,,,,,,,,,,,,,,,,,
saha_shammi,ArunArunn1251,mayankshw191,StartupNewsIND,Sagaumar905Das,aakashshaw12,vitorrians,lokesh_lkr,vitorrindia,amit_se123456,,,,,,,,,,,,,,,,,,,,,,,,,,,,,,,,,,,,,,,,,,,,,,,,,,,,,,,,,,,,,,,,,,,,,,,,,,,,,,,,,,,,,,,,,,,,,,,,,,,,,,,,,,,,,,,,,,,,,,,,,,,,,,,,,,,,,,,,,,,,,,,,,,,,,,,,,,,,,,,,,,,,,,,,,,,,,,,,,,,,,,,,,,,,,,,,,,,,,,,,,,,,,,,,,,,,,,,,,,,,,,,,,,,,,,,,,,,,,,,,,,,,,,,,,,,,,,,,,,,,,,,,,,,,,,,,,,,,,,,,,,,,,,,,,,,,,,,,,,,,,,,,,,,,,,,,,,,,,,,,,,,,,,,,,,,,,,,
