KP_Aashish,IExist__Still,SevadalAS,Sunilrane_bjp,NilanjanDasAITC,UdayanTMC,AgrahariSushila,NYTraveler2,Sunilrane_bjp.1,OfficeofSSC,RajaBrar_INC,abhaysinhbjp,AITCofficial,wesaidwhatnow,AlkeshAmin912,IExist__Still.1,ajayjamwalbjp,devusinh,pankajt0007,vjbandarubjp,VPSingh_Pilania,coolsandira2,Anonymo05922755,Bhagwa_95,SunilKothiyal6,KavinderGupta,KarmaaaInstant,NirmalSinghBJP,ProfSRK,Hyndavitreddy,HiiHyderabad,sambarakathali,vaidicphysics,pesutamizhapesu,pesutamizhapesu.1,SevadalTN,SomaDeb70842724,kanaksa75284219,DidiForPM,ARYNEWSOFFICIAL,NH_India,newsonepk,siasatpk,PradzWorLd,SaimaMohsin,saf_najum,athiyamnews,nakkheeranweb,vaidicphysics.1,mediyaannews,krishnagahlawat,EconomicTimes,peenaz_tyagi,gauravsarjerao,ModiforPMOrg,DrAnju_1,DrSoniaTripathi,Rashi01r,guppi_0g,TheNisargSoni,DrNutanSingh,BandanaMrs,EconomicTimes.1,KrisNair1,RKRadhakrishn,nawabmalikncp,INCAseemKP,vitorrians,saha_shammi
infomubashir,AlkeshAmin912,SevadalGON,Surajpatil4bjp,MamunurIslam8,RatanSadhu1,ShreyaBagchissr,SusanCharanjit,GautamGambhir,Bjp4India,Moizkn2,Mitshah1996,AitcRupak,SSRs_punch,Rajshre73441992,Sushant53187952,Sudhasahu12,narendramodi,gurudolat,NIRMALB18263682,VPSingh_Pilania,ramesh_g2,Shakattack24901,HindusUniteNow,SunilKandalkar4,LalanKumar__,desaipranjalbjp,ayodhyagupta10,cottila,CAbhilashkumar,manutd,Sthabathi108,Parthib33994240,csivanantham91,SobanSo82039869,SevadalVSHI,ashish_bhunia,ashish_bhunia,Goalpokher,rm_waseem,INCIndia,AM_Kiyani,laiqahmadkhan1,AngieTribecca,danishhassan88,ahmad_h_khan,Saravana9281,HifzaMazherPTI,RakeshS99683596,Het21X18qIxMbw1,nrmelsingh,MeenaTarunYadav,SwadeshDainik,5minsaloneok,veerkhangarot,DrNidhy,DrNidhy,DrNidhy,DrNutanSingh,kapilpatidar96,DrSoniaTripathi,DiveshNandwani,sujeetkumar203,PankajK12627633,1Akprashant,jyotipawara,ameenshaikh3,Sagaumar905Das,ArunArunn1251
StateIVLP,Rajshre73441992,CongressSevadal,narendramodi,RajTMC,TuhinDutta83551512,ssrians4ssr4747,AuroraMaximae,Vishalthakur700,SureshDhakadR,ankur_congress,Mitshah4341BJP,S_B_AITC,Farfalla131,itsSSR,Rajshre73441992,Rajendr07287350,AmdavadAMC,Deepak_r211,VivekYa21517448,VivekSa02182210,Ramji370,archanagautamm,JoshiKrutarth5,Vishal14523167,GSSainiJmu,KarmaaaInstant,factual_dogra,haam76,AndLingam,Yaadav_,vjks2021_VENKY,Natuviral007,SureanSai2,KGOBIKANNAN,SevadalTUP,in_stemm,JainalAITC,Najibul_CSC,I_AmnaDar,INCDelhi,smzubairbukhari,MuhammadBinMan,Indian2001Shibu,Faysalkurayshi,naqvi11011,karthik94492424,ShahidF90207594,Chandanyaduvnsh,ajithr345,Naveen_Odisha,chanakya485,KavitaJha_02,shyvijay,minesh_jsn,DrSoniaTripathi,guppi_0g,DrMoona_1,anuj_ty01,indiawins_p,guppi_0g,Taz49851819,jnvenu,varanasi_nsui,prem_anuradha,ncpspeaks,geetv79,sahamonalisa393,mayankshw191
death_dose19,tandav29257392,SevadalAUR,BJP4Mumbai,AkashLahaAITC,SAYANDU02650968,manishavak,ssrians4ssr4747,BJP4Mumbai,bhupendrasingho,sreejit06164700,ManishR34901441,AITC_Dhruba,itsSSR,SSR474,tandav29257392,MahilaMNagaland,rangasunej,AnilSin12477215,chaudry67ji,AbrarAh31379980,uganand1,BuzarFan,Dayanan37740589,manikeshava12,ayodhyagupta10,amitshukla4u,NirmalSinghBJP,VictoriousNamo,anilbatchu,Babatomer1,Maheshk44010000,actorvijay,proudsanatanan,RaviCha19439313,SevadalAWR,SomaDeb70842724,TTJoddha,SoumenSamui11,yasirthegreat81,babun1515,waseema62947922,Pakistn_Kashmir,akshay_vbk78,Alizaib36600673,sadiqalipk,RAFIK37607462,Saifullahkhankh,VijayPr30418317,VelkumarIyyappa,Parvesh57925861,Pramodsamar1,manjeetsinghnn,SinghParmpal13,1420kunal,guppi_0g,DrMoona_1,DrSoniaTripathi,1qqueen,Kuldeep52506865,tarundec1988,BandanaMrs,StockViz,southcongressi,Vanakkamdoc,BJPMM4Maha,vindhyachal_raj,Iamsuraj69,StartupNewsIND
Avenger_Hindu,SSR474,SevadalVSHI,Vishalthakur700,ItsYourMegh,AITCofficial,JuliaGomez91,Sushant53187952,narendramodi,RakeshGiriBJP,MohdJavedINC,rushichavda9799,MlaNiamot,its_Mayur__,its_Mayur__,SSR474,mangla4023,ChavdaRamji2,ChiragSheth369,SriniDokka,AbuHusain72,akindtamizhan,BakPopping,ProfessorDeshi,Nikem_DE,ssrawat98594312,BJP4Gujarat,BJYM4JK,ShaktiPollaiBJP,Gotlathirupathi,jskr26,Varavanaisen,PrivateVinodhR,BuzzDharani,anavrittim,CongressSevadal,SoumenSamui11,Narayan39666673,chiaxiong,smasood801,Naveen1177,Haq_7u,KhalidK46049061,PradzWorLd,HUMMUB,ShadrackMichira,kEdi_kRRisH,Haroonb18045688,SubodhY47,rsvasudevan,SatishK56367538,SherBah46958042,Shivamp05104032,Surbiiiii,bond_2014,1qqueen,tarundec1988,tarundec1988,DrAnju_1,ConsultancySoni,anuj_ty01,NandanG97316422,PhilDeCarolis,SM,Sivakum78910207,narendramodi,annu_philip,amit_se123456,Sagaumar905Das
TheSiasatDaily,,,AlokTiwari4Bjp,S_B_AITC,mdselim9126,LOVEYOUSSRMISSU,vinodku45943290,Surajpatil4bjp,LaxmiGiriBJP,rahulsharmacong,siddhubha5217,Sukumar46747007,ms_N_S_V,IExist__Still,AlkeshAmin912,BJYM,DevusinhOffice,Ramchandra1212,bhssParo38,SinghSkssee,AkhandBhaarath,shakattack24901,stellar_naveen,Aryancx911,_Ashwani_00,BVNarayana7,AmbalReal,MobileMovieMag,Riderajay2,Pavanstweetz,Natuviral007,maapravin,Dina_HDL,Pari86979116,MustafaAsif069,MamataOfficial,SoumenSamui11,SubhasishRaaj,AbbasAnsariTW,IshwarC85687777,nadeem_dhillon,waqasahmed0,clarkk_KalEl,wolves,aak_rao,TV_GO_,MIbiRKhan,jks9790,ajakster,Baljeet73267102,Priyara49079674,KiranKumarSon14,its_harshuu,jagdish45443861,DrMoona_1,anuj_ty01,DrNutanSingh,DrNidhy,himjoshi1,DrMoona_1,jammy92144709,iamaniku,govindappa_c,natarajan_tha,ChitraKWagh,dafedar78,saha_shammi,aakashshaw12
,,,,Ranajit34564303,mla52sabina,The_Last_R1de,RiriK2020,AlokTiwari4Bjp,ThakurramSuthar,Duhewala_inc,JHARPALSINH4343,AITCofficial,RiriK2020,Sushant53187952,,Amiteshbais,ashishpatel74,dilhinhiraa,,,sen_sindh,ShaqAhmed3,DelhiteIndian,cosmicblinker,Self,bjpforbhavnagar,Ajay34606653,Pravsnvision,tiger_pandu,TelKantammal,VigneshAnand_Vm,RajD87861841,harikarthikBJP,iamradioguru,SevadalDausa,PradzWorLd,in_stemm,TimeNewsBangla,Lufthansa,CharmChawm,Fahad74166074,raorajpout,kukk44,Ali_nouman16,pb6201,Subbaryann,KhazranSays,Suresh98270829,balachander1962,Mukesh13691550,BeingMamtaji,aajtak,,,Rashi01r,DrNutanSingh,DrAnju_1,Rashi01r,sabiransari286,Rashi01r,Leaking_Roof,PhilDeCarolis,Rup_INC,ca_baniaz,rohitkale19696,INCIndia,ArunArunn1251,vitorrians
,,,,AnupamaAitc,aitctuhin,ssr_bhakt,Im_NitinJ30,,SteelMinIndia,RuprekhaBD,jorsangbhai,BanglarGorboMB,,LOVEYOUSSRMISSU,,MPBJYM,jignesh06690902,A_K_JHA1,,,SiddharthMural6,Ankur285665401,Lucifer_Bhai,ravindranaspure,BhanuPa00416665,rdparkar77,OfficeofDNSingh,Harvansh_Batra,chchinni,maggiwale,1966VENKAT2022,Sunmoonairwind,velu96883996,harikarthikBJP,SevadalUPB,DidiForPM,IndiaWantsMB,AITCMONDALBABU,lodi_khan_ash,IYC,Sachin45995144,iKarachiwala,asmatasleem13,LubnaRais,RajaAajtv,,hassan_k82,,,ruppakjoon,narendramodi,JagranNews,,,tarundec1988,1qqueen,,tarundec1988,YadavDharamvee5,1qqueen,,ajitsinghgirsa,Beinders,veluchamyt1,SajidShaikh124,tanveer1729,vitorrindia,lokesh_lkr
,,,,RatanSadhu1,,itsSSR,Rajshre73441992,,GyaneshwarBJP,SevadalSNG,rushichavda9799,KhelaHobe2024,,,,AmitSahuBjp,memberofbjp,,,,shekgar,buzar_moosvi,BuckFlame,HistoricalGem,Krishna03929926,ParasKGhelaanii,padotrasachin,AkbMs1,,rvind81,itntweetz,Johnrarulraj,suvarchalakb,ImExploring2,SevadalWDL,ARYNEWSOFFICIAL,MamataOfficial,PrabalGhosh11,Norzaly,vallabhthanvi,Jitende67325312,AmirRandhawa18,,AAKASHPUNHANI,Nadsms,,oppochkr,,,surende42049329,Gajjusay,Neerajs63849753,,,anuj_ty01,Rashi01r,,DrMoona_1,,tarundec1988,,ETMarkets,apmhb,anbumuvi72,MaheshChavanNcp,NSUIUPWest,StartupNewsIND,vitorrindia
,,,,RanaSahaAITC,,ASRH80,TeamAbhay4SSR,,BJP4India,INC,BJP4Bhavnagar,AITCJAY,,,,sisodiapiyush,RavindraTravad1,,,,cpragalathan,GupiDas12,JAYESH29161,Engr_Yash_Naik,NarendraModiji,DetheEsha,,arifaajakia,,rohitDFighter,,Varavanaisen,venkat2611siva,,SevadalTN,RakeshS99683596,,UttarDinajpur,MLKAdil,AshokeMukherj11,WestArt_Factory,_MoosaChaudhry_,,Malik__73,SadiqPk,,sadafabdullah71,,,nitin_gadkari,NANDUVARU,NewsNation,,,DrNutanSingh,DrSoniaTripathi,,DrSoniaTripathi,,DrMoona_1,,ReutersIndia,TanmayRoyINC,,svtmumbai,Congress2019,aakashshaw12,amit_se123456
,,,,AITCDHARANI,,PorwalArchi,KajalJ13,,DrMohanYadav51,rajabrar_inc,Vishalmodijam,Beautyaitc,,,,JariyaAdv,Gopal00707Gops,,,,,Archana85586772,Bhagwa_95,BHAGWA__BHARAT,Aabid22222,ToTheeePoint,,SwethaAjeeth,,knrcinemafan,,Vijayak55295678,iamradioguru,,SevadalAUR,Chandanyaduvnsh,,SubirDe35557319,yousafbalochs,truthalwayzwin,Priti06977467,Muhammad3723326,,S_Ali_Hasnain,aktmun0,,Aisha73476507,,,Ashish85463808,AShardaDevi,NEWSNATION,,,,,,DrMoona_1,,Rashi01r,,iamakanshathakr,rrajajayIN,,MharajSayyad,WithCongress,mayankshw191,
,,,,IndiaWantsMB,,rashmi_sri0505,,,Rssorg,raimukesh86,BJP,SafiTmc,,,,Ashokmishra0921,ChudasmaAnshu,,,,,patil4369,,MrAshishKumarS2,Chenab3055,,,narendramodi,,Ak4Abhi,,MunnalN,rakar_163,,SevadalCG,VijayPr30418317,,AshokDe11,mnomanz7,BhandariJacky,AdrLambert_IT,Anonymous1093,,sidtayyab,jawadjahangir82,,waqasahmed0,,,Rajash81965213,PemaKhanduBJP,DanikBhaskar,,,,,,Rashi01r,,DrAnju_1,,WSJ,SevadalAS,,supriya_sule,plpunia,kelvinblu,
,,,,IndiawantsMB,,SusanCharanjit,,,iMukeshTatwal,incutterpradesh,Mitshah4341BJP,ItsYourMegh,,,,Vishalk23312052,imayurjadav,,,,,Anonymo05922755,,RaviMeh84819085,DANISHARMA_,,,harshkkapoor,,srinathktrm,,VigneshAnand_Vm,SobanSo82039869,,LaljiDesaiG,SubodhY47,,Ii7XJKG4Acu8HwD,Iamahmedddd,NSUI,Rajkuma48586487,salman0800,,saad_durrani,mashkooor,,Heartvoice,,,Sachin45995144,BjpArvindBihar,indiatvnews,,,,,,DrNutanSingh,,DrNutanSingh,,souravmishra1,Kashmeifucan,,PawarSpeaks,ipjaju,,
,,,,aitcshovan,,vinodku45943290,,,MoRD_GoI,SUDIPGH77962031,siddhubha5217,GhulamRabbani_,,,,SurendrajatBjp,BJP4Gujarat,,,,,raajsiddd,,Vignesh6548,jaigurudev350,,,AjayGup41112037,,,,kennadyvalli,IamHuma70753981,,INC_FOR_INDIA,jks9790,,amitmod68022395,Ayesha73942483,sursmi,Sonia16475108,amad_321,,umairn,haq_optimist,,SirfSaadia,,,Jitende67325312,KapilMishra_IND,iamnavedqureshi,,,,,,anuj_ty01,,guppi_0g,,,Dheeraj_BJPUP,,sanjayborge29,rathorroyal,,
,,,,IWMSouthNadia,,,,,fskulaste,kahlonjaskaran,jorsangbhai,S_k_chaudhary,,,,j_ashwani,DafdaJaswant,,,,,,,ajoysah84240894,,,,Devishanker15,,,,1966VENKAT2022,Ponnuvelk4,,ArijitmINC,Suresh98270829,,GoI_MeitY,nadeem_ahmedzai,abhinavsinghinc,Deepak67186424,SirfSaadia,,AAKASHPUNHANI,blokkedblok,,MuhammadPTI,,,WestArt_Factory,Ghangal_,pramodpandey20,,,,,,tarundec1988,,anuj_ty01,,,INCg5sabir,,NCPspeaks,lions567,,
,,,,Sudipta87205027,,,,,FSKulasteOffice,SridharJayshree,Jignesh55BJP,sanjibsauwp,,,,mmbjpnagaland,BJP4India,,,,,,,rk1759389,,,,ProfSRK,,,,Selfrespect_all,GuruPrasadh9,,official_arulk,,,SalmanK74140267,MobinMalikSpeak,Satya8748,Vikrantdahiya17,yamnaqureshi,,wolves,UsmanSh84194562,,SAMMA438,,,Priti06977467,canaraBank,Avinash71266861,,,,,,DrSoniaTripathi,,1qqueen,,,sensible56,,Tusharsg009,aawara_aatma,,
,,,,Surajitmahanta1,,,,,dryogesh_mla,AayshaKhanam,JHARPALSINH4343,,,,,BJP4CGState,ShashiK83817484,,,,,,,GargiZen,,,,HydWatch,,,,Satysk,sharadharamesh,,PurushaDeepak,,,IjajAhamedMoll3,AbdullahTwetsPK,amms28,,ANager77,,Faysalkurayshi,AdnanTanda,,Noorazeemk,,,AdrLambert_IT,Yogesh_Gogawale,TyagiAruba,,,,,,Rashi01r,,,,,INCGhogha,,Jitendr97900380,RutvikSubhedar,,
,,,,,,,,,DepartmentGoi,,Mitshah1996,,,,,RSSorg,devusinh,,,,,,,VikasGu89000656,,,,jeetensingh,,,,vjks2021_VENKY,RagupathyRagup4,,BhusanSingh7,,,CSCegov_,iamuzairsadiq,OfficeOfSaheb,,asifwarraich684,,danishhassan88,malik_zian,,therealMUsman,,,Rajkuma48586487,ManojKu70630177,news24tvchannel,,,,,,1qqueen,,,,,NaveenJangraINC,,gaikwadpramod11,RG_dilse,,
,,,,,,,,,ShishupalBJP,,,,,,,Subhash_online,,,,,,,,manufyi,,,,PiyushGoyalOffc,,,,arunagiri22,,,LalgiDesai,,,BhowalTaniya,shaffkazi98,hatefreeworldX,,akhtar_meerani,,LubnaRais,sarfraznawaz,,Dewax12Rr,,,Sonia16475108,TeamMukeshMaan,People,,,,,,DrMoona_1,,,,,WASIMDEC,,BJP4India,mazhar_jafri,,
,,,,,,,,,shanviamit,,,,,,,AtirajSinghN,,,,,,,,sanjaynema71,,,,subhashchandra,,,,,,,,,,skbappa06,ImrankhanPTI,WALLSWahid,,Absolutelynot92,,HUMMUB,AsadMJanjua,,EzhilSpeed99,,,Deepak67186424,Kreatelymedia,YogeshK78152899,,,,,,tarundec1988,,,,,SwithinFernand3,,ncp_baglan,d_inflow,,
,,,,,,,,,PradhumnaSLodhi,,,,,,,bjpmanipurIT,,,,,,,,jishu06119216,,,,samarsanatan,,,,,,,,,,Westbengal,TAK0570,shanmugam_18,,shaddad_marwat,,S_Ali_Hasnain,_265__,,Murugan_170596,,,Vikrantdahiya17,anamikamber,imrajni_singh,,,,,,DrNutanSingh,,,,,PJJosePatris5,,sachinvjag,INCUttarPradesh,,
,,,,,,,,,BJP4MP,,,,,,,,,,,,,,,,,,,nsitharamanoffc,,,,,,,,,,SUKHENMAHATO9,Fau8zi,AheerSitaramlNC,,KarachiKings19s,,Malik__73,,,JawaharC7,,,dahiyapraveen23,sandeep_13_1_92,NewsNationTV,,,,,,DrAnju_1,,,,,INC,,sunilgirincp,BnBagul,,
,,,,,,,,,Alok_SharmaBJP,,,,,,,,,,,,,,,,,,,HarishK04131926,,,,,,,,,,in_stemm,mubasherulhassa,mdanwarkhan,,Khalidbinhameed,,sidtayyab,,,rationalisttn,,,Ratansingg2,JigneshShah940,,,,,,,anuj_ty01,,,,,Knit_India,,mumbai_nyc,poonamy56503827,,
,,,,,,,,,UshaThakurMLA,,,,,,,,,,,,,,,,,,,,,,,,,,,,,HussainSadap,danishali_q,,,ItxAwais488,,umairn,,,Santhos19817475,,,AdoptionsUk,NilamaniN,,,,,,,DrSoniaTripathi,,,,,mverdoux,,mumbaincp,HDFC_BANK,,
,,,,,,,,,DdUikey,,,,,,,,,,,,,,,,,,,,,,,,,,,,,deepdutta23,tahsinfatima9,,,strongw53986472,,Ali_nouman16,,,urs_parani,,,Amardee77668778,RakeshSinha01,,,,,,,,,,,,sevadalBR,,DsFarooqshaikh,inti_i,,
,,,,,,,,,sharmaashishbjp,,,,,,,,,,,,,,,,,,,,,,,,,,,,,ITSYOURMONDAL,momiqazi,,,Hum5Ak,,Alizaib36600673,,,urs_SSK,,,BijenderGahlaw4,AmanChopra_,,,,,,,,,,,,hiteshamin9,,pnbardhan,JathigalIllai,,
,,,,,,,,,,,,,,,,,,,,,,,,,,,,,,,,,,,,,,AITCTATHAGAT,NamrahIkhan,,,saimfatima1,,saad_durrani,,,kannanpitchai1,,,Vikas32021690,TajinderBagga,,,,,,,,,,,,IamDuSaRa,,MarathaBaan,natureNspirits,,
,,,,,,,,,,,,,,,,,,,,,,,,,,,,,,,,,,,,,,AITCSSMC000,HumairaYousafi,,,mazhar5ali,,,,,,,,Mukash68578607,bjp4bihar,,,,,,,,,,,,CONGRESSTASK,,Venkateshpatilh,Mkumar_INC,,
,,,,,,,,,,,,,,,,,,,,,,,,,,,,,,,,,,,,,,IjajAhamedMoll3,Worldwide_Plc,,,ImranKhanPTI,,,,,,,,Emran98976387,BJP4India,,,,,,,,,,,,DrAmtiwary1,,NCPspeaks,mnomics_,,
,,,,,,,,,,,,,,,,,,,,,,,,,,,,,,,,,,,,,,SubhasishRaaj,attifraza,,,KALEEMK54986623,,,,,,,,Vinodku10009327,byadavbjp,,,,,,,,,,,,markjfz,,PawarSpeaks,AmirJKhan2,,
,,,,,,,,,,,,,,,,,,,,,,,,,,,,,,,,,,,,,,SouravGon6,Host77547421,,,SirfSaadia,,,,,,,,hoodaofficial,DrRamOfficial,,,,,,,,,,,,IYC_Mumbai,,supriya_sule,aGaInSt_cMmUnAl,,
,,,,,,,,,,,,,,,,,,,,,,,,,,,,,,,,,,,,,,AITCTATHA,hskpakistan,,,beingAmmarAhsen,,,,,,,,bjd_odisha,8ZcZ4AjvqvH8NQ7,,,,,,,,,,,,indianraaja,,Marc__Me,nsui,,
,,,,,,,,,,,,,,,,,,,,,,,,,,,,,,,,,,,,,,Pintu77870352,ghauri_a,,,Imran46200335,,,,,,,,Ratansingg2,manojmarada,,,,,,,,,,,,BHARATMALI_,,ashish_jadhao,1_w0r1d,,
,,,,,,,,,,,,,,,,,,,,,,,,,,,,,,,,,,,,,,MdMilon92027032,,,,SSLANONYMOUSTLS,,,,,,,,Rajash81965213,AmritaRathodBJP,,,,,,,,,,,,MhaCongressTask,,sanamalikshaikh,PoonamBrdwj,,
,,,,,,,,,,,,,,,,,,,,,,,,,,,,,,,,,,,,,,itsyourTATHA,,,,mubasherulhassa,,,,,,,,Priti06977467,BJP4Kupwara,,,,,,,,,,,,manjanathags123,,AamirNMalik,CongressFans,,
,,,,,,,,,,,,,,,,,,,,,,,,,,,,,,,,,,,,,,PratapAITC,,,,ali1shair,,,,,,,,surende42049329,hindustanse,,,,,,,,,,,,satishacharya,,MharajSayyad,zafariq51471375,,
,,,,,,,,,,,,,,,,,,,,,,,,,,,,,,,,,,,,,,RabiulA41176195,,,,ahmadnabeel12,,,,,,,,Vikrantdahiya17,BeingSushilji,,,,,,,,,,,,INCSMV,,ncp_baglan,shanmugam_18,,
,,,,,,,,,,,,,,,,,,,,,,,,,,,,,,,,,,,,,,Susanta28743194,,,,49shahzad,,,,,,,,hoodaofficial,IIMC_India,,,,,,,,,,,,SevadalMB,,,HAShankaranaray,,
,,,,,,,,,,,,,,,,,,,,,,,,,,,,,,,,,,,,,,AITCMONDALJI,,,,alam922852,,,,,,,,Rajkuma48586487,KingPraveena,,,,,,,,,,,,Khan____INC,,,Naveen_Kr_Shahi,,
,,,,,,,,,,,,,,,,,,,,,,,,,,,,,,,,,,,,,,SAYANDU02650968,,,,KhazranSays,,,,,,,,Deepak67186424,epfodelhinorth,,,,,,,,,,,,Niyaz_Brh,,,a_tembhre,,
,,,,,,,,,,,,,,,,,,,,,,,,,,,,,,,,,,,,,,MimiTMCP,,,,,,,,,,,,BijenderGahlaw4,SubratPathak12,,,,,,,,,,,,IYCmaha,,,Feku_No1,,
,,,,,,,,,,,,,,,,,,,,,,,,,,,,,,,,,,,,,,mdselim9126,,,,,,,,,,,,dahiyapraveen23,AmarchandJajra,,,,,,,,,,,,klmeghwal77,,,AugustineVarkey,,
,,,,,,,,,,,,,,,,,,,,,,,,,,,,,,,,,,,,,,Sanuwar98003848,,,,,,,,,,,,Baljeet73267102,parkhi_jaydeep,,,,,,,,,,,,NazarFaridiIND,,,DILIPLOHIA,,
,,,,,,,,,,,,,,,,,,,,,,,,,,,,,,,,,,,,,,ShyamBairagya,,,,,,,,,,,,Emran98976387,_Shiva108,,,,,,,,,,,,INCIndia,,,KumarNaveen_,,
,,,,,,,,,,,,,,,,,,,,,,,,,,,,,,,,,,,,,,IndiaWantsMB,,,,,,,,,,,,Parvesh57925861,dhamo9988,,,,,,,,,,,,incvolunteers_,,,yuvadesh,,
,,,,,,,,,,,,,,,,,,,,,,,,,,,,,,,,,,,,,,IsmataraKhatu16,,,,,,,,,,,,Vinodku10009327,bjpcbpandey,,,,,,,,,,,,fekubawa,,,alamgirizvi,,
,,,,,,,,,,,,,,,,,,,,,,,,,,,,,,,,,,,,,,SuprioD38423229,,,,,,,,,,,,Ashish85463808,SarojYadavKosli,,,,,,,,,,,,Sonu5479John,,,BKalitaAssam,,
,,,,,,,,,,,,,,,,,,,,,,,,,,,,,,,,,,,,,,Debjitaitc,,,,,,,,,,,,Amardee77668778,BJP4Bihar,,,,,,,,,,,,Rahulgandhi,,,Ajitkumar_Kanan,,
,,,,,,,,,,,,,,,,,,,,,,,,,,,,,,,,,,,,,,amitmod68022395,,,,,,,,,,,,SatishK56367538,BJPVempati,,,,,,,,,,,,Dayakar67650633,,,NaufInd,,
,,,,,,,,,,,,,,,,,,,,,,,,,,,,,,,,,,,,,,MentalHealthBo5,,,,,,,,,,,,ruppakjoon,timeseek1970,,,,,,,,,,,,rajanbhamba,,,PriyankaGandhi,,
,,,,,,,,,,,,,,,,,,,,,,,,,,,,,,,,,,,,,,SamimMo94451103,,,,,,,,,,,,nrmelsingh,KumaarGoutam,,,,,,,,,,,,yoursurajnaik,,,proud_bhumihar,,
,,,,,,,,,,,,,,,,,,,,,,,,,,,,,,,,,,,,,,SAMIM46689088,,,,,,,,,,,,Vikas32021690,VungzaginValte,,,,,,,,,,,,vaibhav9rai,,,Pankaj_kapse,,
,,,,,,,,,,,,,,,,,,,,,,,,,,,,,,,,,,,,,,AKBARALIAITC,,,,,,,,,,,,Mukash68578607,DevendraKr_Ydav,,,,,,,,,,,,Nicky37122264,,,RahulGandhi,,
,,,,,,,,,,,,,,,,,,,,,,,,,,,,,,,,,,,,,,MdArifA43140355,,,,,,,,,,,,Jitende67325312,manishm12702912,,,,,,,,,,,,punya101,,,nitinsharma13,,
,,,,,,,,,,,,,,,,,,,,,,,,,,,,,,,,,,,,,,SubirDe35557319,,,,,,,,,,,,Sonia16475108,NikhilAnandBJP,,,,,,,,,,,,StayingReal0511,,,,,
,,,,,,,,,,,,,,,,,,,,,,,,,,,,,,,,,,,,,,IjajAhamedMoll3,,,,,,,,,,,,BijenderGahlaw4,SanjayS97360146,,,,,,,,,,,,ketan_pat_,,,,,
,,,,,,,,,,,,,,,,,,,,,,,,,,,,,,,,,,,,,,SubhasishRaaj,,,,,,,,,,,,nrmelsingh,bjpkm4kisan,,,,,,,,,,,,BhartiyaBharti2,,,,,
,,,,,,,,,,,,,,,,,,,,,,,,,,,,,,,,,,,,,,KarunamoyBhalla,,,,,,,,,,,,Vikas32021690,,,,,,,,,,,,,Rabiul__INC,,,,,
,,,,,,,,,,,,,,,,,,,,,,,,,,,,,,,,,,,,,,RahulRa55914791,,,,,,,,,,,,Mukash68578607,,,,,,,,,,,,,SHAJAHAN___INC,,,,,
,,,,,,,,,,,,,,,,,,,,,,,,,,,,,,,,,,,,,,Susanta28743194,,,,,,,,,,,,Sonia16475108,,,,,,,,,,,,,maazmirzaa,,,,,
,,,,,,,,,,,,,,,,,,,,,,,,,,,,,,,,,,,,,,MollaHasanali,,,,,,,,,,,,Priti06977467,,,,,,,,,,,,,RahulGandhi,,,,,
,,,,,,,,,,,,,,,,,,,,,,,,,,,,,,,,,,,,,,mdmiraj9126,,,,,,,,,,,,surende42049329,,,,,,,,,,,,,INCUttarPradesh,,,,,
,,,,,,,,,,,,,,,,,,,,,,,,,,,,,,,,,,,,,,beingjuyel,,,,,,,,,,,,Deepak67186424,,,,,,,,,,,,,OmNathMishra19,,,,,
,,,,,,,,,,,,,,,,,,,,,,,,,,,,,,,,,,,,,,deepdutta23,,,,,,,,,,,,nanu3224,,,,,,,,,,,,,madshumanbeing1,,,,,
,,,,,,,,,,,,,,,,,,,,,,,,,,,,,,,,,,,,,,GeorgeGolam,,,,,,,,,,,,ruppakjoon,,,,,,,,,,,,,Ndlotus1,,,,,
,,,,,,,,,,,,,,,,,,,,,,,,,,,,,,,,,,,,,,mla52sabina,,,,,,,,,,,,Vikrantdahiya17,,,,,,,,,,,,,PolitiqueBlaze,,,,,
,,,,,,,,,,,,,,,,,,,,,,,,,,,,,,,,,,,,,,SubirDe35557319,,,,,,,,,,,,Ravinde22263451,,,,,,,,,,,,,Fred,,,,,
,,,,,,,,,,,,,,,,,,,,,,,,,,,,,,,,,,,,,,SAMIM46689088,,,,,,,,,,,,SatishK56367538,,,,,,,,,,,,,priyankagandhi,,,,,
,,,,,,,,,,,,,,,,,,,,,,,,,,,,,,,,,,,,,,amitmod68022395,,,,,,,,,,,,Rajkuma48586487,,,,,,,,,,,,,RohanPandey__,,,,,
,,,,,,,,,,,,,,,,,,,,,,,,,,,,,,,,,,,,,,AmirJabbarAitc,,,,,,,,,,,,Amardee77668778,,,,,,,,,,,,,Adil_INC_,,,,,
,,,,,,,,,,,,,,,,,,,,,,,,,,,,,,,,,,,,,,Manikaitc,,,,,,,,,,,,Baljeet73267102,,,,,,,,,,,,,07Eldho,,,,,
,,,,,,,,,,,,,,,,,,,,,,,,,,,,,,,,,,,,,,AITCofficial,,,,,,,,,,,,Rajash81965213,,,,,,,,,,,,,madhavmantri,,,,,
,,,,,,,,,,,,,,,,,,,,,,,,,,,,,,,,,,,,,,KishalayBaner14,,,,,,,,,,,,Jitende67325312,,,,,,,,,,,,,INCBANSAL,,,,,
,,,,,,,,,,,,,,,,,,,,,,,,,,,,,,,,,,,,,,najterpoth,,,,,,,,,,,,Emran98976387,,,,,,,,,,,,,Alwynmoras4870,,,,,
,,,,,,,,,,,,,,,,,,,,,,,,,,,,,,,,,,,,,,SkMain4,,,,,,,,,,,,Ashish85463808,,,,,,,,,,,,,inc_ricky,,,,,
,,,,,,,,,,,,,,,,,,,,,,,,,,,,,,,,,,,,,,GOURABTALUKDAR9,,,,,,,,,,,,hoodaofficial,,,,,,,,,,,,,LivJ1405,,,,,
,,,,,,,,,,,,,,,,,,,,,,,,,,,,,,,,,,,,,,Kaushik52782377,,,,,,,,,,,,Parvesh57925861,,,,,,,,,,,,,fredhamilton,,,,,
,,,,,,,,,,,,,,,,,,,,,,,,,,,,,,,,,,,,,,mdselim9126,,,,,,,,,,,,dahiyapraveen23,,,,,,,,,,,,,INCAssam,,,,,
,,,,,,,,,,,,,,,,,,,,,,,,,,,,,,,,,,,,,,SuprioD38423229,,,,,,,,,,,,AjadAli94795459,,,,,,,,,,,,,TeamDeepender,,,,,
,,,,,,,,,,,,,,,,,,,,,,,,,,,,,,,,,,,,,,SumitCh10032862,,,,,,,,,,,,Parvesh57925861,,,,,,,,,,,,,aroonrao2000,,,,,
,,,,,,,,,,,,,,,,,,,,,,,,,,,,,,,,,,,,,,AbdulAzizMiah15,,,,,,,,,,,,parmilasingh3,,,,,,,,,,,,,dhrubachoudhur5,,,,,
,,,,,,,,,,,,,,,,,,,,,,,,,,,,,,,,,,,,,,Sanjibb40416088,,,,,,,,,,,,Ravinde22263451,,,,,,,,,,,,,InayaSaba,,,,,
,,,,,,,,,,,,,,,,,,,,,,,,,,,,,,,,,,,,,,Arnabsa20594655,,,,,,,,,,,,Poonamdahiya20,,,,,,,,,,,,,Thecongressian,,,,,
,,,,,,,,,,,,,,,,,,,,,,,,,,,,,,,,,,,,,,amitmod68022395,,,,,,,,,,,,Deepak67186424,,,,,,,,,,,,,RV1177,,,,,
,,,,,,,,,,,,,,,,,,,,,,,,,,,,,,,,,,,,,,SubirDe35557319,,,,,,,,,,,,Rajash81965213,,,,,,,,,,,,,SauravS_13,,,,,
,,,,,,,,,,,,,,,,,,,,,,,,,,,,,,,,,,,,,,Susanta28743194,,,,,,,,,,,,Gaurav28995128,,,,,,,,,,,,,TheDossierTimes,,,,,
,,,,,,,,,,,,,,,,,,,,,,,,,,,,,,,,,,,,,,MdhasanJaman,,,,,,,,,,,,SatishK56367538,,,,,,,,,,,,,Vignesh_TMV,,,,,
,,,,,,,,,,,,,,,,,,,,,,,,,,,,,,,,,,,,,,WbtmcpRSCell,,,,,,,,,,,,AmitRai24844288,,,,,,,,,,,,,arsiwalamurtuza,,,,,
,,,,,,,,,,,,,,,,,,,,,,,,,,,,,,,,,,,,,,SouravGon6,,,,,,,,,,,,Prashan67747064,,,,,,,,,,,,,joyalphons,,,,,
,,,,,,,,,,,,,,,,,,,,,,,,,,,,,,,,,,,,,,RvZwm,,,,,,,,,,,,Sumitra36221119,,,,,,,,,,,,,WasimSheikhINC,,,,,
,,,,,,,,,,,,,,,,,,,,,,,,,,,,,,,,,,,,,,AITCofficial,,,,,,,,,,,,VinodHo04764556,,,,,,,,,,,,,KaveetaJaain,,,,,
,,,,,,,,,,,,,,,,,,,,,,,,,,,,,,,,,,,,,,AKBARALIAITC,,,,,,,,,,,,Sunil22505219,,,,,,,,,,,,,Pravinsinh_inc,,,,,
,,,,,,,,,,,,,,,,,,,,,,,,,,,,,,,,,,,,,,ChandaBanamali,,,,,,,,,,,,BijenderGahlaw4,,,,,,,,,,,,,IYC,,,,,
,,,,,,,,,,,,,,,,,,,,,,,,,,,,,,,,,,,,,,biswajitdhal32,,,,,,,,,,,,surende42049329,,,,,,,,,,,,,dranupmodgil,,,,,
,,,,,,,,,,,,,,,,,,,,,,,,,,,,,,,,,,,,,,nuralamSD,,,,,,,,,,,,Bhupigusain7,,,,,,,,,,,,,kukk44,,,,,
,,,,,,,,,,,,,,,,,,,,,,,,,,,,,,,,,,,,,,JahirAITCoffic,,,,,,,,,,,,Krishan22185016,,,,,,,,,,,,,gallerygrandeur,,,,,
,,,,,,,,,,,,,,,,,,,,,,,,,,,,,,,,,,,,,,amitmod68022395,,,,,,,,,,,,NiteshDabas13,,,,,,,,,,,,,CongressSevadal,,,,,
,,,,,,,,,,,,,,,,,,,,,,,,,,,,,,,,,,,,,,SubirDe35557319,,,,,,,,,,,,SabbirK50949137,,,,,,,,,,,,,Db03927052,,,,,
,,,,,,,,,,,,,,,,,,,,,,,,,,,,,,,,,,,,,,SuprioD38423229,,,,,,,,,,,,ruppakjoon,,,,,,,,,,,,,sirajkINC,,,,,
,,,,,,,,,,,,,,,,,,,,,,,,,,,,,,,,,,,,,,Susanta28743194,,,,,,,,,,,,ravipratap574,,,,,,,,,,,,,DombivaliMe,,,,,
,,,,,,,,,,,,,,,,,,,,,,,,,,,,,,,,,,,,,,IjajAhamedMoll3,,,,,,,,,,,,pushkar4336,,,,,,,,,,,,,Khushboosayys,,,,,
,,,,,,,,,,,,,,,,,,,,,,,,,,,,,,,,,,,,,,PmMondl1,,,,,,,,,,,,Narende54452954,,,,,,,,,,,,,csrengarajan,,,,,
,,,,,,,,,,,,,,,,,,,,,,,,,,,,,,,,,,,,,,Soumitra082AITC,,,,,,,,,,,,KumarPayoj,,,,,,,,,,,,,sn12275,,,,,
,,,,,,,,,,,,,,,,,,,,,,,,,,,,,,,,,,,,,,WbtmcpRSCell,,,,,,,,,,,,Emran98976387,,,,,,,,,,,,,Stanalb,,,,,
,,,,,,,,,,,,,,,,,,,,,,,,,,,,,,,,,,,,,,AngsumanDasCha1,,,,,,,,,,,,Mukash68578607,,,,,,,,,,,,,UWCForYouth,,,,,
,,,,,,,,,,,,,,,,,,,,,,,,,,,,,,,,,,,,,,mdselim9126,,,,,,,,,,,,KanikaManchand9,,,,,,,,,,,,,RajivPr45330955,,,,,
,,,,,,,,,,,,,,,,,,,,,,,,,,,,,,,,,,,,,,AbdulAzizMiah15,,,,,,,,,,,,SureshK74501564,,,,,,,,,,,,,drmonicajagtap,,,,,
,,,,,,,,,,,,,,,,,,,,,,,,,,,,,,,,,,,,,,SAYANDU02650968,,,,,,,,,,,,nanu3224,,,,,,,,,,,,,nikhilkumarIND,,,,,
,,,,,,,,,,,,,,,,,,,,,,,,,,,,,,,,,,,,,,GoI_MeitY,,,,,,,,,,,,Dheeraj88423133,,,,,,,,,,,,,Manav_SS_Gupta,,,,,
,,,,,,,,,,,,,,,,,,,,,,,,,,,,,,,,,,,,,,mdselim9126,,,,,,,,,,,,ManojKu15663474,,,,,,,,,,,,,RaviCDasgupta1,,,,,
,,,,,,,,,,,,,,,,,,,,,,,,,,,,,,,,,,,,,,TimeNewsBangla,,,,,,,,,,,,Aman44642315,,,,,,,,,,,,,ManResistsEvil,,,,,
,,,,,,,,,,,,,,,,,,,,,,,,,,,,,,,,,,,,,,SubirDe35557319,,,,,,,,,,,,xQ8DzD6KulodwC4,,,,,,,,,,,,,sumitex20,,,,,
,,,,,,,,,,,,,,,,,,,,,,,,,,,,,,,,,,,,,,RahulRa55914791,,,,,,,,,,,,,,,,,,,,,,,,,MillenialGandhi,,,,,
,,,,,,,,,,,,,,,,,,,,,,,,,,,,,,,,,,,,,,MdMilon92027032,,,,,,,,,,,,,,,,,,,,,,,,,dhirendrabhuja3,,,,,
,,,,,,,,,,,,,,,,,,,,,,,,,,,,,,,,,,,,,,BabaiPyne,,,,,,,,,,,,,,,,,,,,,,,,,knowledgetree34,,,,,
,,,,,,,,,,,,,,,,,,,,,,,,,,,,,,,,,,,,,,CSCegov_,,,,,,,,,,,,,,,,,,,,,,,,,A_manSays,,,,,
,,,,,,,,,,,,,,,,,,,,,,,,,,,,,,,,,,,,,,MamataOfficial,,,,,,,,,,,,,,,,,,,,,,,,,KamothiG,,,,,
,,,,,,,,,,,,,,,,,,,,,,,,,,,,,,,,,,,,,,AngsumanDasCha1,,,,,,,,,,,,,,,,,,,,,,,,,Niyaz_Brh,,,,,
,,,,,,,,,,,,,,,,,,,,,,,,,,,,,,,,,,,,,,IjajAhamedMoll3,,,,,,,,,,,,,,,,,,,,,,,,,PaulDundigalla,,,,,
,,,,,,,,,,,,,,,,,,,,,,,,,,,,,,,,,,,,,,BubunPaul15,,,,,,,,,,,,,,,,,,,,,,,,,Khushboosayys,,,,,
,,,,,,,,,,,,,,,,,,,,,,,,,,,,,,,,,,,,,,SubhasishRaaj,,,,,,,,,,,,,,,,,,,,,,,,,LivJ1405,,,,,
,,,,,,,,,,,,,,,,,,,,,,,,,,,,,,,,,,,,,,NeyazAh58247979,,,,,,,,,,,,,,,,,,,,,,,,,Vikis_tweet,,,,,
,,,,,,,,,,,,,,,,,,,,,,,,,,,,,,,,,,,,,,PmMondl1,,,,,,,,,,,,,,,,,,,,,,,,,imPnahar99,,,,,
,,,,,,,,,,,,,,,,,,,,,,,,,,,,,,,,,,,,,,MrMonirulsk2,,,,,,,,,,,,,,,,,,,,,,,,,madshumanbeing1,,,,,
,,,,,,,,,,,,,,,,,,,,,,,,,,,,,,,,,,,,,,Susanta28743194,,,,,,,,,,,,,,,,,,,,,,,,,MDNAJIM2,,,,,
,,,,,,,,,,,,,,,,,,,,,,,,,,,,,,,,,,,,,,SAMIM46689088,,,,,,,,,,,,,,,,,,,,,,,,,sm_pf,,,,,
,,,,,,,,,,,,,,,,,,,,,,,,,,,,,,,,,,,,,,MDMithunMiah786,,,,,,,,,,,,,,,,,,,,,,,,,ShoebKh01926861,,,,,
,,,,,,,,,,,,,,,,,,,,,,,,,,,,,,,,,,,,,,Meejan_AITC,,,,,,,,,,,,,,,,,,,,,,,,,dhrubachoudhur5,,,,,
,,,,,,,,,,,,,,,,,,,,,,,,,,,,,,,,,,,,,,RvZwm,,,,,,,,,,,,,,,,,,,,,,,,,Avir_Ra1,,,,,
,,,,,,,,,,,,,,,,,,,,,,,,,,,,,,,,,,,,,,amitmod68022395,,,,,,,,,,,,,,,,,,,,,,,,,Ajay51830120,,,,,
,,,,,,,,,,,,,,,,,,,,,,,,,,,,,,,,,,,,,,Najibul_CSC,,,,,,,,,,,,,,,,,,,,,,,,,SHAJAHAN___INC,,,,,
,,,,,,,,,,,,,,,,,,,,,,,,,,,,,,,,,,,,,,ajmine_reza,,,,,,,,,,,,,,,,,,,,,,,,,ReddyRanjita,,,,,
,,,,,,,,,,,,,,,,,,,,,,,,,,,,,,,,,,,,,,MangalH84939323,,,,,,,,,,,,,,,,,,,,,,,,,ArunKumarSinggh,,,,,
,,,,,,,,,,,,,,,,,,,,,,,,,,,,,,,,,,,,,,IjajAhamedMoll3,,,,,,,,,,,,,,,,,,,,,,,,,WASIMDEC,,,,,
,,,,,,,,,,,,,,,,,,,,,,,,,,,,,,,,,,,,,,SanjuMa04814339,,,,,,,,,,,,,,,,,,,,,,,,,coolestabhi14,,,,,
,,,,,,,,,,,,,,,,,,,,,,,,,,,,,,,,,,,,,,Ziaurra51636551,,,,,,,,,,,,,,,,,,,,,,,,,RahulGandhi,,,,,
,,,,,,,,,,,,,,,,,,,,,,,,,,,,,,,,,,,,,,BanglarGorboMB,,,,,,,,,,,,,,,,,,,,,,,,,AncyAniyan,,,,,
,,,,,,,,,,,,,,,,,,,,,,,,,,,,,,,,,,,,,,AITCofficial,,,,,,,,,,,,,,,,,,,,,,,,,WasimSheikhINC,,,,,
,,,,,,,,,,,,,,,,,,,,,,,,,,,,,,,,,,,,,,biswajitdhal32,,,,,,,,,,,,,,,,,,,,,,,,,KaveetaJaain,,,,,
,,,,,,,,,,,,,,,,,,,,,,,,,,,,,,,,,,,,,,AitcRupak,,,,,,,,,,,,,,,,,,,,,,,,,rrajajayIN,,,,,
,,,,,,,,,,,,,,,,,,,,,,,,,,,,,,,,,,,,,,JanaBishwas,,,,,,,,,,,,,,,,,,,,,,,,,BhartiyaBharti2,,,,,
,,,,,,,,,,,,,,,,,,,,,,,,,,,,,,,,,,,,,,SubirDe35557319,,,,,,,,,,,,,,,,,,,,,,,,,soornahally,,,,,
,,,,,,,,,,,,,,,,,,,,,,,,,,,,,,,,,,,,,,KhelaHobe2024,,,,,,,,,,,,,,,,,,,,,,,,,vivek83srivast1,,,,,
,,,,,,,,,,,,,,,,,,,,,,,,,,,,,,,,,,,,,,IMRANAL54690675,,,,,,,,,,,,,,,,,,,,,,,,,BarkhaS64998873,,,,,
,,,,,,,,,,,,,,,,,,,,,,,,,,,,,,,,,,,,,,MdSadda18253893,,,,,,,,,,,,,,,,,,,,,,,,,IYC,,,,,
,,,,,,,,,,,,,,,,,,,,,,,,,,,,,,,,,,,,,,SubhasishRaaj,,,,,,,,,,,,,,,,,,,,,,,,,ketan_pat_,,,,,
,,,,,,,,,,,,,,,,,,,,,,,,,,,,,,,,,,,,,,aitctuhin,,,,,,,,,,,,,,,,,,,,,,,,,Rup_INC,,,,,
,,,,,,,,,,,,,,,,,,,,,,,,,,,,,,,,,,,,,,PratapAITC,,,,,,,,,,,,,,,,,,,,,,,,,nirbhay4bjpsm,,,,,
,,,,,,,,,,,,,,,,,,,,,,,,,,,,,,,,,,,,,,RahulRa55914791,,,,,,,,,,,,,,,,,,,,,,,,,Sriniva58519584,,,,,
,,,,,,,,,,,,,,,,,,,,,,,,,,,,,,,,,,,,,,TuhinDutta83551512,,,,,,,,,,,,,,,,,,,,,,,,,IYCmaha,,,,,
,,,,,,,,,,,,,,,,,,,,,,,,,,,,,,,,,,,,,,Sanuwar98003848,,,,,,,,,,,,,,,,,,,,,,,,,incvolunteers_,,,,,
,,,,,,,,,,,,,,,,,,,,,,,,,,,,,,,,,,,,,,SAYANDU02650968,,,,,,,,,,,,,,,,,,,,,,,,,RajivPr45330955,,,,,
,,,,,,,,,,,,,,,,,,,,,,,,,,,,,,,,,,,,,,MrMonirulsk2,,,,,,,,,,,,,,,,,,,,,,,,,UWCForYouth,,,,,
,,,,,,,,,,,,,,,,,,,,,,,,,,,,,,,,,,,,,,mla52sabina,,,,,,,,,,,,,,,,,,,,,,,,,Rajat229,,,,,
,,,,,,,,,,,,,,,,,,,,,,,,,,,,,,,,,,,,,,RvZwm,,,,,,,,,,,,,,,,,,,,,,,,,INCSMV,,,,,
,,,,,,,,,,,,,,,,,,,,,,,,,,,,,,,,,,,,,,DEBASIS88482934,,,,,,,,,,,,,,,,,,,,,,,,,manzurali,,,,,
,,,,,,,,,,,,,,,,,,,,,,,,,,,,,,,,,,,,,,AbhijitAITC,,,,,,,,,,,,,,,,,,,,,,,,,SevadalMB,,,,,
,,,,,,,,,,,,,,,,,,,,,,,,,,,,,,,,,,,,,,JhantuNayek2,,,,,,,,,,,,,,,,,,,,,,,,,INCIndia,,,,,
,,,,,,,,,,,,,,,,,,,,,,,,,,,,,,,,,,,,,,aitctuhin,,,,,,,,,,,,,,,,,,,,,,,,,NeelDas83815238,,,,,
,,,,,,,,,,,,,,,,,,,,,,,,,,,,,,,,,,,,,,MamataOfficial,,,,,,,,,,,,,,,,,,,,,,,,,southcongressi,,,,,
,,,,,,,,,,,,,,,,,,,,,,,,,,,,,,,,,,,,,,SwapanP99048964,,,,,,,,,,,,,,,,,,,,,,,,,1953_rosy,,,,,
,,,,,,,,,,,,,,,,,,,,,,,,,,,,,,,,,,,,,,Meejan_AITC,,,,,,,,,,,,,,,,,,,,,,,,,da_boy_n_da_box,,,,,
,,,,,,,,,,,,,,,,,,,,,,,,,,,,,,,,,,,,,,JahirAITCoffic,,,,,,,,,,,,,,,,,,,,,,,,,nawas_babu,,,,,
,,,,,,,,,,,,,,,,,,,,,,,,,,,,,,,,,,,,,,TuhinDutta83551512,,,,,,,,,,,,,,,,,,,,,,,,,CongressSevadal,,,,,
,,,,,,,,,,,,,,,,,,,,,,,,,,,,,,,,,,,,,,aitc_deep,,,,,,,,,,,,,,,,,,,,,,,,,surheeta,,,,,
,,,,,,,,,,,,,,,,,,,,,,,,,,,,,,,,,,,,,,SkMain4,,,,,,,,,,,,,,,,,,,,,,,,,drmonicajagtap,,,,,
,,,,,,,,,,,,,,,,,,,,,,,,,,,,,,,,,,,,,,Sanjibb40416088,,,,,,,,,,,,,,,,,,,,,,,,,Rabiul__INC,,,,,
,,,,,,,,,,,,,,,,,,,,,,,,,,,,,,,,,,,,,,UttamMo43009182,,,,,,,,,,,,,,,,,,,,,,,,,SevadalAS,,,,,
,,,,,,,,,,,,,,,,,,,,,,,,,,,,,,,,,,,,,,SouravGon6,,,,,,,,,,,,,,,,,,,,,,,,,office4shrikant,,,,,
,,,,,,,,,,,,,,,,,,,,,,,,,,,,,,,,,,,,,,FAM4TMC,,,,,,,,,,,,,,,,,,,,,,,,,A_manSays,,,,,
,,,,,,,,,,,,,,,,,,,,,,,,,,,,,,,,,,,,,,PratapAITC,,,,,,,,,,,,,,,,,,,,,,,,,aroonrao2000,,,,,
,,,,,,,,,,,,,,,,,,,,,,,,,,,,,,,,,,,,,,deepdutta23,,,,,,,,,,,,,,,,,,,,,,,,,dranupmodgil,,,,,
,,,,,,,,,,,,,,,,,,,,,,,,,,,,,,,,,,,,,,bibi_hasnara,,,,,,,,,,,,,,,,,,,,,,,,,INCAssam,,,,,
,,,,,,,,,,,,,,,,,,,,,,,,,,,,,,,,,,,,,,mdimranali315,,,,,,,,,,,,,,,,,,,,,,,,,alamdar1961,,,,,
,,,,,,,,,,,,,,,,,,,,,,,,,,,,,,,,,,,,,,Diliptmcsoical,,,,,,,,,,,,,,,,,,,,,,,,,Kisan_Thane,,,,,
,,,,,,,,,,,,,,,,,,,,,,,,,,,,,,,,,,,,,,SubhasishRaaj,,,,,,,,,,,,,,,,,,,,,,,,,KankerYouth,,,,,
,,,,,,,,,,,,,,,,,,,,,,,,,,,,,,,,,,,,,,AbdulRa97510536,,,,,,,,,,,,,,,,,,,,,,,,,Mathews43149320,,,,,
,,,,,,,,,,,,,,,,,,,,,,,,,,,,,,,,,,,,,,SubirDe35557319,,,,,,,,,,,,,,,,,,,,,,,,,rahul_bhimseria,,,,,
,,,,,,,,,,,,,,,,,,,,,,,,,,,,,,,,,,,,,,Kishor_AITC,,,,,,,,,,,,,,,,,,,,,,,,,markjfz,,,,,
,,,,,,,,,,,,,,,,,,,,,,,,,,,,,,,,,,,,,,RvZwm,,,,,,,,,,,,,,,,,,,,,,,,,klmeghwal77,,,,,
,,,,,,,,,,,,,,,,,,,,,,,,,,,,,,,,,,,,,,SAYANDU02650968,,,,,,,,,,,,,,,,,,,,,,,,,Aakashyadu2,,,,,
,,,,,,,,,,,,,,,,,,,,,,,,,,,,,,,,,,,,,,Biswanath,,,,,,,,,,,,,,,,,,,,,,,,,AakashMahantIYC,,,,,
,,,,,,,,,,,,,,,,,,,,,,,,,,,,,,,,,,,,,,aitctuhin,,,,,,,,,,,,,,,,,,,,,,,,,drabbas1935,,,,,
,,,,,,,,,,,,,,,,,,,,,,,,,,,,,,,,,,,,,,Sanuwar98003848,,,,,,,,,,,,,,,,,,,,,,,,,PGVForIndia,,,,,
,,,,,,,,,,,,,,,,,,,,,,,,,,,,,,,,,,,,,,WbtmcpRSCell,,,,,,,,,,,,,,,,,,,,,,,,,Hussainvvpl,,,,,
,,,,,,,,,,,,,,,,,,,,,,,,,,,,,,,,,,,,,,TuhinDutta83551512,,,,,,,,,,,,,,,,,,,,,,,,,gallerygrandeur,,,,,
,,,,,,,,,,,,,,,,,,,,,,,,,,,,,,,,,,,,,,asfarul_Jan,,,,,,,,,,,,,,,,,,,,,,,,,klmeghwal77,,,,,
,,,,,,,,,,,,,,,,,,,,,,,,,,,,,,,,,,,,,,SubirDe35557319,,,,,,,,,,,,,,,,,,,,,,,,,Kisan_Congress,,,,,
,,,,,,,,,,,,,,,,,,,,,,,,,,,,,,,,,,,,,,Pradipk24416170,,,,,,,,,,,,,,,,,,,,,,,,,LambaAlka,,,,,
,,,,,,,,,,,,,,,,,,,,,,,,,,,,,,,,,,,,,,aitc_deep,,,,,,,,,,,,,,,,,,,,,,,,,FaheemA11371333,,,,,
,,,,,,,,,,,,,,,,,,,,,,,,,,,,,,,,,,,,,,AKBARALIAITC,,,,,,,,,,,,,,,,,,,,,,,,,RTforINDIA,,,,,
,,,,,,,,,,,,,,,,,,,,,,,,,,,,,,,,,,,,,,mla52sabina,,,,,,,,,,,,,,,,,,,,,,,,,INCGujarat,,,,,
,,,,,,,,,,,,,,,,,,,,,,,,,,,,,,,,,,,,,,amitmod68022395,,,,,,,,,,,,,,,,,,,,,,,,,_tanveersheikh,,,,,
,,,,,,,,,,,,,,,,,,,,,,,,,,,,,,,,,,,,,,SubhasishRaaj,,,,,,,,,,,,,,,,,,,,,,,,,V_with_RG,,,,,
,,,,,,,,,,,,,,,,,,,,,,,,,,,,,,,,,,,,,,SkMain4,,,,,,,,,,,,,,,,,,,,,,,,,sumitex20,,,,,
,,,,,,,,,,,,,,,,,,,,,,,,,,,,,,,,,,,,,,AITCofficial,,,,,,,,,,,,,,,,,,,,,,,,,Alwynmoras4870,,,,,
,,,,,,,,,,,,,,,,,,,,,,,,,,,,,,,,,,,,,,JahirAITCoffic,,,,,,,,,,,,,,,,,,,,,,,,,SwithinFernand3,,,,,
,,,,,,,,,,,,,,,,,,,,,,,,,,,,,,,,,,,,,,MunsiSony,,,,,,,,,,,,,,,,,,,,,,,,,akc17,,,,,
,,,,,,,,,,,,,,,,,,,,,,,,,,,,,,,,,,,,,,biswajitdhal32,,,,,,,,,,,,,,,,,,,,,,,,,A_manSays,,,,,
,,,,,,,,,,,,,,,,,,,,,,,,,,,,,,,,,,,,,,KarunamoyBhalla,,,,,,,,,,,,,,,,,,,,,,,,,iyc,,,,,
,,,,,,,,,,,,,,,,,,,,,,,,,,,,,,,,,,,,,,Biswana72398358,,,,,,,,,,,,,,,,,,,,,,,,,LivJ1405,,,,,
,,,,,,,,,,,,,,,,,,,,,,,,,,,,,,,,,,,,,,RvZwm,,,,,,,,,,,,,,,,,,,,,,,,,ZARA2020202,,,,,
,,,,,,,,,,,,,,,,,,,,,,,,,,,,,,,,,,,,,,AngsumanDasCha1,,,,,,,,,,,,,,,,,,,,,,,,,IYCmaha,,,,,
,,,,,,,,,,,,,,,,,,,,,,,,,,,,,,,,,,,,,,NLMDOfficia,,,,,,,,,,,,,,,,,,,,,,,,,incvolunteers_,,,,,
,,,,,,,,,,,,,,,,,,,,,,,,,,,,,,,,,,,,,,SkMain4,,,,,,,,,,,,,,,,,,,,,,,,,Ndlotus1,,,,,
,,,,,,,,,,,,,,,,,,,,,,,,,,,,,,,,,,,,,,AKBARALIAITC,,,,,,,,,,,,,,,,,,,,,,,,,INCRajasthan,,,,,
,,,,,,,,,,,,,,,,,,,,,,,,,,,,,,,,,,,,,,AITCTATHA,,,,,,,,,,,,,,,,,,,,,,,,,ketan_pat_,,,,,
,,,,,,,,,,,,,,,,,,,,,,,,,,,,,,,,,,,,,,amitmod68022395,,,,,,,,,,,,,,,,,,,,,,,,,Srinivasiyc,,,,,
,,,,,,,,,,,,,,,,,,,,,,,,,,,,,,,,,,,,,,Krishne10285217,,,,,,,,,,,,,,,,,,,,,,,,,Luckystrike_007,,,,,
,,,,,,,,,,,,,,,,,,,,,,,,,,,,,,,,,,,,,,PayelGh72330529,,,,,,,,,,,,,,,,,,,,,,,,,imChikku_,,,,,
,,,,,,,,,,,,,,,,,,,,,,,,,,,,,,,,,,,,,,deepdutta23,,,,,,,,,,,,,,,,,,,,,,,,,INCINDIA,,,,,
,,,,,,,,,,,,,,,,,,,,,,,,,,,,,,,,,,,,,,Debjitc0fficia,,,,,,,,,,,,,,,,,,,,,,,,,tuslidas,,,,,
,,,,,,,,,,,,,,,,,,,,,,,,,,,,,,,,,,,,,,AITCTATHAGAT,,,,,,,,,,,,,,,,,,,,,,,,,UWCForYouth,,,,,
,,,,,,,,,,,,,,,,,,,,,,,,,,,,,,,,,,,,,,SubirDe35557319,,,,,,,,,,,,,,,,,,,,,,,,,Rabiul__INC,,,,,
,,,,,,,,,,,,,,,,,,,,,,,,,,,,,,,,,,,,,,SkMaidu28959148,,,,,,,,,,,,,,,,,,,,,,,,,withRG,,,,,
,,,,,,,,,,,,,,,,,,,,,,,,,,,,,,,,,,,,,,biswajitdhal32,,,,,,,,,,,,,,,,,,,,,,,,,dranupmodgil,,,,,
,,,,,,,,,,,,,,,,,,,,,,,,,,,,,,,,,,,,,,Vidyanand_AITC,,,,,,,,,,,,,,,,,,,,,,,,,DilSehCongress,,,,,
,,,,,,,,,,,,,,,,,,,,,,,,,,,,,,,,,,,,,,HiranmoyKar5,,,,,,,,,,,,,,,,,,,,,,,,,TanmayRoyINC,,,,,
,,,,,,,,,,,,,,,,,,,,,,,,,,,,,,,,,,,,,,itsyourTATHA,,,,,,,,,,,,,,,,,,,,,,,,,Thecongressian,,,,,
,,,,,,,,,,,,,,,,,,,,,,,,,,,,,,,,,,,,,,IjajAhamedMoll3,,,,,,,,,,,,,,,,,,,,,,,,,MDNAJIM2,,,,,
,,,,,,,,,,,,,,,,,,,,,,,,,,,,,,,,,,,,,,DebjitOfficia,,,,,,,,,,,,,,,,,,,,,,,,,sevadalBR,,,,,
,,,,,,,,,,,,,,,,,,,,,,,,,,,,,,,,,,,,,,Prakash65218563,,,,,,,,,,,,,,,,,,,,,,,,,Avir_Ra1,,,,,
,,,,,,,,,,,,,,,,,,,,,,,,,,,,,,,,,,,,,,SubhasishRaaj,,,,,,,,,,,,,,,,,,,,,,,,,indianraaja,,,,,
,,,,,,,,,,,,,,,,,,,,,,,,,,,,,,,,,,,,,,AbdulAzizMiah15,,,,,,,,,,,,,,,,,,,,,,,,,AIPCMaha,,,,,
,,,,,,,,,,,,,,,,,,,,,,,,,,,,,,,,,,,,,,Krishne10285217,,,,,,,,,,,,,,,,,,,,,,,,,SHAJAHAN___INC,,,,,
,,,,,,,,,,,,,,,,,,,,,,,,,,,,,,,,,,,,,,Sanuwar98003848,,,,,,,,,,,,,,,,,,,,,,,,,rajanbhamba,,,,,
,,,,,,,,,,,,,,,,,,,,,,,,,,,,,,,,,,,,,,SubhasishRaaj,,,,,,,,,,,,,,,,,,,,,,,,,DombivaliMe,,,,,
,,,,,,,,,,,,,,,,,,,,,,,,,,,,,,,,,,,,,,AKBARALIAITC,,,,,,,,,,,,,,,,,,,,,,,,,RakeshK35974444,,,,,
,,,,,,,,,,,,,,,,,,,,,,,,,,,,,,,,,,,,,,SkMain4,,,,,,,,,,,,,,,,,,,,,,,,,CongressSevadal,,,,,
,,,,,,,,,,,,,,,,,,,,,,,,,,,,,,,,,,,,,,PratapAITC,,,,,,,,,,,,,,,,,,,,,,,,,TeamDeepender,,,,,
,,,,,,,,,,,,,,,,,,,,,,,,,,,,,,,,,,,,,,SubirDe35557319,,,,,,,,,,,,,,,,,,,,,,,,,PriyankaGandhi,,,,,
,,,,,,,,,,,,,,,,,,,,,,,,,,,,,,,,,,,,,,MdMilon92027032,,,,,,,,,,,,,,,,,,,,,,,,,Babanoormohamm1,,,,,
,,,,,,,,,,,,,,,,,,,,,,,,,,,,,,,,,,,,,,biswajitdhal32,,,,,,,,,,,,,,,,,,,,,,,,,drmonicajagtap,,,,,
,,,,,,,,,,,,,,,,,,,,,,,,,,,,,,,,,,,,,,amitmod68022395,,,,,,,,,,,,,,,,,,,,,,,,,ashfaq_joiyaINC,,,,,
,,,,,,,,,,,,,,,,,,,,,,,,,,,,,,,,,,,,,,JanaBishwas,,,,,,,,,,,,,,,,,,,,,,,,,MhaCongressTask,,,,,
,,,,,,,,,,,,,,,,,,,,,,,,,,,,,,,,,,,,,,RabiulA41176195,,,,,,,,,,,,,,,,,,,,,,,,,Khushboosayys,,,,,
,,,,,,,,,,,,,,,,,,,,,,,,,,,,,,,,,,,,,,MamataOfficial,,,,,,,,,,,,,,,,,,,,,,,,,ppshindem,,,,,
,,,,,,,,,,,,,,,,,,,,,,,,,,,,,,,,,,,,,,Kishor_AITC,,,,,,,,,,,,,,,,,,,,,,,,,southcongressi,,,,,
,,,,,,,,,,,,,,,,,,,,,,,,,,,,,,,,,,,,,,Meejan_AITC,,,,,,,,,,,,,,,,,,,,,,,,,Rup_INC,,,,,
,,,,,,,,,,,,,,,,,,,,,,,,,,,,,,,,,,,,,,KHADIMULAITC,,,,,,,,,,,,,,,,,,,,,,,,,Niyaz_Brh,,,,,
,,,,,,,,,,,,,,,,,,,,,,,,,,,,,,,,,,,,,,MrMonirulsk2,,,,,,,,,,,,,,,,,,,,,,,,,sirajkINC,,,,,
,,,,,,,,,,,,,,,,,,,,,,,,,,,,,,,,,,,,,,MdMilon92027032,,,,,,,,,,,,,,,,,,,,,,,,,NayakRagini,,,,,
,,,,,,,,,,,,,,,,,,,,,,,,,,,,,,,,,,,,,,SubhasishRaaj,,,,,,,,,,,,,,,,,,,,,,,,,INCSMV,,,,,
,,,,,,,,,,,,,,,,,,,,,,,,,,,,,,,,,,,,,,SpaulOfficial,,,,,,,,,,,,,,,,,,,,,,,,,Sadakat_pathan,,,,,
,,,,,,,,,,,,,,,,,,,,,,,,,,,,,,,,,,,,,,PmMondl1,,,,,,,,,,,,,,,,,,,,,,,,,RamshettyVishnu,,,,,
,,,,,,,,,,,,,,,,,,,,,,,,,,,,,,,,,,,,,,Akashdeep4AITC,,,,,,,,,,,,,,,,,,,,,,,,,yoursurajnaik,,,,,
,,,,,,,,,,,,,,,,,,,,,,,,,,,,,,,,,,,,,,GeorgeGolam,,,,,,,,,,,,,,,,,,,,,,,,,WasimSheikhINC,,,,,
,,,,,,,,,,,,,,,,,,,,,,,,,,,,,,,,,,,,,,WbtmcpRSCell,,,,,,,,,,,,,,,,,,,,,,,,,WASIMDEC,,,,,
,,,,,,,,,,,,,,,,,,,,,,,,,,,,,,,,,,,,,,IjajAhamedMoll3,,,,,,,,,,,,,,,,,,,,,,,,,SevadalMB,,,,,
,,,,,,,,,,,,,,,,,,,,,,,,,,,,,,,,,,,,,,AdonisBoo,,,,,,,,,,,,,,,,,,,,,,,,,dhrubachoudhur5,,,,,
,,,,,,,,,,,,,,,,,,,,,,,,,,,,,,,,,,,,,,Sukumar46747007,,,,,,,,,,,,,,,,,,,,,,,,,NaveenJangraINC,,,,,
,,,,,,,,,,,,,,,,,,,,,,,,,,,,,,,,,,,,,,RajeshB62539508,,,,,,,,,,,,,,,,,,,,,,,,,SevadalAS,,,,,
,,,,,,,,,,,,,,,,,,,,,,,,,,,,,,,,,,,,,,biswajitdhal32,,,,,,,,,,,,,,,,,,,,,,,,,sensible56,,,,,
,,,,,,,,,,,,,,,,,,,,,,,,,,,,,,,,,,,,,,Ziaurra51636551,,,,,,,,,,,,,,,,,,,,,,,,,iram_alizeh,,,,,
,,,,,,,,,,,,,,,,,,,,,,,,,,,,,,,,,,,,,,SubhashAITC,,,,,,,,,,,,,,,,,,,,,,,,,satishkolkunda,,,,,
,,,,,,,,,,,,,,,,,,,,,,,,,,,,,,,,,,,,,,SubhasishRaaj,,,,,,,,,,,,,,,,,,,,,,,,,Anilawadh1,,,,,
,,,,,,,,,,,,,,,,,,,,,,,,,,,,,,,,,,,,,,AITCofficial,,,,,,,,,,,,,,,,,,,,,,,,,KameshShivhare3,,,,,
,,,,,,,,,,,,,,,,,,,,,,,,,,,,,,,,,,,,,,deepdutta23,,,,,,,,,,,,,,,,,,,,,,,,,deepakvns2007,,,,,
,,,,,,,,,,,,,,,,,,,,,,,,,,,,,,,,,,,,,,mla52sabina,,,,,,,,,,,,,,,,,,,,,,,,,lilkarrr,,,,,
,,,,,,,,,,,,,,,,,,,,,,,,,,,,,,,,,,,,,,MdMilon92027032,,,,,,,,,,,,,,,,,,,,,,,,,JUNEEDca,,,,,
,,,,,,,,,,,,,,,,,,,,,,,,,,,,,,,,,,,,,,SkMain4,,,,,,,,,,,,,,,,,,,,,,,,,Kisan_Thane,,,,,
,,,,,,,,,,,,,,,,,,,,,,,,,,,,,,,,,,,,,,BirendraTMYC,,,,,,,,,,,,,,,,,,,,,,,,,WithCongress,,,,,
,,,,,,,,,,,,,,,,,,,,,,,,,,,,,,,,,,,,,,SouravGon6,,,,,,,,,,,,,,,,,,,,,,,,,UnitedWithINC,,,,,
,,,,,,,,,,,,,,,,,,,,,,,,,,,,,,,,,,,,,,AKBARALIAITC,,,,,,,,,,,,,,,,,,,,,,,,,fekubawa,,,,,
,,,,,,,,,,,,,,,,,,,,,,,,,,,,,,,,,,,,,,Sanuwar98003848,,,,,,,,,,,,,,,,,,,,,,,,,bhambarajan,,,,,
,,,,,,,,,,,,,,,,,,,,,,,,,,,,,,,,,,,,,,LoknathMahato16,,,,,,,,,,,,,,,,,,,,,,,,,INCIndia,,,,,
,,,,,,,,,,,,,,,,,,,,,,,,,,,,,,,,,,,,,,SpaulOfficial,,,,,,,,,,,,,,,,,,,,,,,,,SevadalMH,,,,,
,,,,,,,,,,,,,,,,,,,,,,,,,,,,,,,,,,,,,,RabiulA41176195,,,,,,,,,,,,,,,,,,,,,,,,,SevadalKA,,,,,
,,,,,,,,,,,,,,,,,,,,,,,,,,,,,,,,,,,,,,PmMondl1,,,,,,,,,,,,,,,,,,,,,,,,,apmhb,,,,,
,,,,,,,,,,,,,,,,,,,,,,,,,,,,,,,,,,,,,,SkMaidu28959148,,,,,,,,,,,,,,,,,,,,,,,,,VishnopiS,,,,,
,,,,,,,,,,,,,,,,,,,,,,,,,,,,,,,,,,,,,,SAYANDU02650968,,,,,,,,,,,,,,,,,,,,,,,,,IYC,,,,,
,,,,,,,,,,,,,,,,,,,,,,,,,,,,,,,,,,,,,,AKBARALIAITC,,,,,,,,,,,,,,,,,,,,,,,,,maazmirzaa,,,,,
,,,,,,,,,,,,,,,,,,,,,,,,,,,,,,,,,,,,,,Sanuwar98003848,,,,,,,,,,,,,,,,,,,,,,,,,INCGhogha,,,,,
,,,,,,,,,,,,,,,,,,,,,,,,,,,,,,,,,,,,,,mla52sabina,,,,,,,,,,,,,,,,,,,,,,,,,Manav_SS_Gupta,,,,,
,,,,,,,,,,,,,,,,,,,,,,,,,,,,,,,,,,,,,,SubirDe35557319,,,,,,,,,,,,,,,,,,,,,,,,,INCg5sabir,,,,,
,,,,,,,,,,,,,,,,,,,,,,,,,,,,,,,,,,,,,,SubhasishRaaj,,,,,,,,,,,,,,,,,,,,,,,,,madshumanbeing1,,,,,
,,,,,,,,,,,,,,,,,,,,,,,,,,,,,,,,,,,,,,ShahidNayeem10,,,,,,,,,,,,,,,,,,,,,,,,,Mr_Jafar_,,,,,
,,,,,,,,,,,,,,,,,,,,,,,,,,,,,,,,,,,,,,IjajAhamedMoll3,,,,,,,,,,,,,,,,,,,,,,,,,PGVForIndia,,,,,
,,,,,,,,,,,,,,,,,,,,,,,,,,,,,,,,,,,,,,SkMain4,,,,,,,,,,,,,,,,,,,,,,,,,godnanna,,,,,
,,,,,,,,,,,,,,,,,,,,,,,,,,,,,,,,,,,,,,IMRANAL54690675,,,,,,,,,,,,,,,,,,,,,,,,,ReddyRanjita,,,,,
,,,,,,,,,,,,,,,,,,,,,,,,,,,,,,,,,,,,,,Ziaurra51636551,,,,,,,,,,,,,,,,,,,,,,,,,BHARATMALI_,,,,,
,,,,,,,,,,,,,,,,,,,,,,,,,,,,,,,,,,,,,,PmMondl1,,,,,,,,,,,,,,,,,,,,,,,,,kamarajdisciple,,,,,
,,,,,,,,,,,,,,,,,,,,,,,,,,,,,,,,,,,,,,biswajitdhal32,,,,,,,,,,,,,,,,,,,,,,,,,Sreedha02158367,,,,,
,,,,,,,,,,,,,,,,,,,,,,,,,,,,,,,,,,,,,,deepdutta23,,,,,,,,,,,,,,,,,,,,,,,,,Pravinsinh_inc,,,,,
,,,,,,,,,,,,,,,,,,,,,,,,,,,,,,,,,,,,,,MdMilon92027032,,,,,,,,,,,,,,,,,,,,,,,,,Rahulgandhi,,,,,
,,,,,,,,,,,,,,,,,,,,,,,,,,,,,,,,,,,,,,GeorgeGolam,,,,,,,,,,,,,,,,,,,,,,,,,INCAssam,,,,,
,,,,,,,,,,,,,,,,,,,,,,,,,,,,,,,,,,,,,,ShinghaKumar,,,,,,,,,,,,,,,,,,,,,,,,,1953_rosy,,,,,
,,,,,,,,,,,,,,,,,,,,,,,,,,,,,,,,,,,,,,AITCofficial,,,,,,,,,,,,,,,,,,,,,,,,,KESHAV_A_CHNDRA,,,,,
,,,,,,,,,,,,,,,,,,,,,,,,,,,,,,,,,,,,,,mla52sabina,,,,,,,,,,,,,,,,,,,,,,,,,iArifR,,,,,
,,,,,,,,,,,,,,,,,,,,,,,,,,,,,,,,,,,,,,skimran28974916,,,,,,,,,,,,,,,,,,,,,,,,,RajivPr45330955,,,,,
,,,,,,,,,,,,,,,,,,,,,,,,,,,,,,,,,,,,,,IndiaWantsMB,,,,,,,,,,,,,,,,,,,,,,,,,nikhilkumarIND,,,,,
,,,,,,,,,,,,,,,,,,,,,,,,,,,,,,,,,,,,,,SubhasishRaaj,,,,,,,,,,,,,,,,,,,,,,,,,KisanShirol,,,,,
,,,,,,,,,,,,,,,,,,,,,,,,,,,,,,,,,,,,,,GeorgeGolam,,,,,,,,,,,,,,,,,,,,,,,,,INCBANSAL,,,,,
,,,,,,,,,,,,,,,,,,,,,,,,,,,,,,,,,,,,,,MdMilon92027032,,,,,,,,,,,,,,,,,,,,,,,,,nsui,,,,,
,,,,,,,,,,,,,,,,,,,,,,,,,,,,,,,,,,,,,,Kishor_AITC,,,,,,,,,,,,,,,,,,,,,,,,,RajKuma47739261,,,,,
,,,,,,,,,,,,,,,,,,,,,,,,,,,,,,,,,,,,,,JahirAITCoffic,,,,,,,,,,,,,,,,,,,,,,,,,RahulGandhi,,,,,
,,,,,,,,,,,,,,,,,,,,,,,,,,,,,,,,,,,,,,in_stemm,,,,,,,,,,,,,,,,,,,,,,,,,ShidKhan13,,,,,
,,,,,,,,,,,,,,,,,,,,,,,,,,,,,,,,,,,,,,Ziaurra51636551,,,,,,,,,,,,,,,,,,,,,,,,,satishacharya,,,,,
,,,,,,,,,,,,,,,,,,,,,,,,,,,,,,,,,,,,,,deepdutta23,,,,,,,,,,,,,,,,,,,,,,,,,CONGRESSTASK,,,,,
,,,,,,,,,,,,,,,,,,,,,,,,,,,,,,,,,,,,,,AITCofficial,,,,,,,,,,,,,,,,,,,,,,,,,Anyaa74579257,,,,,
,,,,,,,,,,,,,,,,,,,,,,,,,,,,,,,,,,,,,,ttjoddha,,,,,,,,,,,,,,,,,,,,,,,,,madhavmantri,,,,,
,,,,,,,,,,,,,,,,,,,,,,,,,,,,,,,,,,,,,,asfarul_Jan,,,,,,,,,,,,,,,,,,,,,,,,,KaveetaJaain,,,,,
,,,,,,,,,,,,,,,,,,,,,,,,,,,,,,,,,,,,,,PAPAIDASAITC,,,,,,,,,,,,,,,,,,,,,,,,,saraf_pankaj,,,,,
,,,,,,,,,,,,,,,,,,,,,,,,,,,,,,,,,,,,,,SubirDe35557319,,,,,,,,,,,,,,,,,,,,,,,,,DrAmtiwary1,,,,,
,,,,,,,,,,,,,,,,,,,,,,,,,,,,,,,,,,,,,,MdhasanJaman,,,,,,,,,,,,,,,,,,,,,,,,,TheDossierTimes,,,,,
,,,,,,,,,,,,,,,,,,,,,,,,,,,,,,,,,,,,,,Shahnaw35903361,,,,,,,,,,,,,,,,,,,,,,,,,faqikr,,,,,
,,,,,,,,,,,,,,,,,,,,,,,,,,,,,,,,,,,,,,RahulRa55914791,,,,,,,,,,,,,,,,,,,,,,,,,ZakiyaKINC,,,,,
,,,,,,,,,,,,,,,,,,,,,,,,,,,,,,,,,,,,,,SkMain4,,,,,,,,,,,,,,,,,,,,,,,,,PuneetSharmaINC,,,,,
,,,,,,,,,,,,,,,,,,,,,,,,,,,,,,,,,,,,,,Debjitaitc,,,,,,,,,,,,,,,,,,,,,,,,,CongressTask,,,,,
,,,,,,,,,,,,,,,,,,,,,,,,,,,,,,,,,,,,,,SahilAktarMond,,,,,,,,,,,,,,,,,,,,,,,,,UWCforYouth,,,,,
,,,,,,,,,,,,,,,,,,,,,,,,,,,,,,,,,,,,,,Samrat63997071,,,,,,,,,,,,,,,,,,,,,,,,,vivek83srivast1,,,,,
,,,,,,,,,,,,,,,,,,,,,,,,,,,,,,,,,,,,,,Kishor_AITC,,,,,,,,,,,,,,,,,,,,,,,,,INCUttarPradesh,,,,,
,,,,,,,,,,,,,,,,,,,,,,,,,,,,,,,,,,,,,,GeorgeGolam,,,,,,,,,,,,,,,,,,,,,,,,,PankajK12627633,,,,,
,,,,,,,,,,,,,,,,,,,,,,,,,,,,,,,,,,,,,,SubirDe35557319,,,,,,,,,,,,,,,,,,,,,,,,,Pooja08837493,,,,,
,,,,,,,,,,,,,,,,,,,,,,,,,,,,,,,,,,,,,,GOURABTALUKDAR9,,,,,,,,,,,,,,,,,,,,,,,,,incmp,,,,,
,,,,,,,,,,,,,,,,,,,,,,,,,,,,,,,,,,,,,,ImBickyAITC,,,,,,,,,,,,,,,,,,,,,,,,,,,,,,
,,,,,,,,,,,,,,,,,,,,,,,,,,,,,,,,,,,,,,KHADIMULAITC,,,,,,,,,,,,,,,,,,,,,,,,,,,,,,
,,,,,,,,,,,,,,,,,,,,,,,,,,,,,,,,,,,,,,Shubhaj79463102,,,,,,,,,,,,,,,,,,,,,,,,,,,,,,
,,,,,,,,,,,,,,,,,,,,,,,,,,,,,,,,,,,,,,Partha7Paul,,,,,,,,,,,,,,,,,,,,,,,,,,,,,,
,,,,,,,,,,,,,,,,,,,,,,,,,,,,,,,,,,,,,,Meejan_AITC,,,,,,,,,,,,,,,,,,,,,,,,,,,,,,
,,,,,,,,,,,,,,,,,,,,,,,,,,,,,,,,,,,,,,MamataOfficial,,,,,,,,,,,,,,,,,,,,,,,,,,,,,,
,,,,,,,,,,,,,,,,,,,,,,,,,,,,,,,,,,,,,,SamimMo94451103,,,,,,,,,,,,,,,,,,,,,,,,,,,,,,
,,,,,,,,,,,,,,,,,,,,,,,,,,,,,,,,,,,,,,ajmine_reza,,,,,,,,,,,,,,,,,,,,,,,,,,,,,,
,,,,,,,,,,,,,,,,,,,,,,,,,,,,,,,,,,,,,,DarjeelingVoice,,,,,,,,,,,,,,,,,,,,,,,,,,,,,,
,,,,,,,,,,,,,,,,,,,,,,,,,,,,,,,,,,,,,,SubhasishRaaj,,,,,,,,,,,,,,,,,,,,,,,,,,,,,,
,,,,,,,,,,,,,,,,,,,,,,,,,,,,,,,,,,,,,,PmMondl1,,,,,,,,,,,,,,,,,,,,,,,,,,,,,,
,,,,,,,,,,,,,,,,,,,,,,,,,,,,,,,,,,,,,,CSCegov_,,,,,,,,,,,,,,,,,,,,,,,,,,,,,,
,,,,,,,,,,,,,,,,,,,,,,,,,,,,,,,,,,,,,,Najibul_CSC,,,,,,,,,,,,,,,,,,,,,,,,,,,,,,
,,,,,,,,,,,,,,,,,,,,,,,,,,,,,,,,,,,,,,MilanMa17062430,,,,,,,,,,,,,,,,,,,,,,,,,,,,,,
,,,,,,,,,,,,,,,,,,,,,,,,,,,,,,,,,,,,,,SubhasishRaaj,,,,,,,,,,,,,,,,,,,,,,,,,,,,,,
,,,,,,,,,,,,,,,,,,,,,,,,,,,,,,,,,,,,,,SubhashAITC,,,,,,,,,,,,,,,,,,,,,,,,,,,,,,
,,,,,,,,,,,,,,,,,,,,,,,,,,,,,,,,,,,,,,ur_jaman,,,,,,,,,,,,,,,,,,,,,,,,,,,,,,
,,,,,,,,,,,,,,,,,,,,,,,,,,,,,,,,,,,,,,WbtmcpRSCell,,,,,,,,,,,,,,,,,,,,,,,,,,,,,,
,,,,,,,,,,,,,,,,,,,,,,,,,,,,,,,,,,,,,,Shubhaj79463102,,,,,,,,,,,,,,,,,,,,,,,,,,,,,,
,,,,,,,,,,,,,,,,,,,,,,,,,,,,,,,,,,,,,,silent_horror_night,,,,,,,,,,,,,,,,,,,,,,,,,,,,,,
,,,,,,,,,,,,,,,,,,,,,,,,,,,,,,,,,,,,,,TimeNewsBangla,,,,,,,,,,,,,,,,,,,,,,,,,,,,,,
,,,,,,,,,,,,,,,,,,,,,,,,,,,,,,,,,,,,,,deepdutta23,,,,,,,,,,,,,,,,,,,,,,,,,,,,,,
,,,,,,,,,,,,,,,,,,,,,,,,,,,,,,,,,,,,,,SILENTHORRORNI1,,,,,,,,,,,,,,,,,,,,,,,,,,,,,,
,,,,,,,,,,,,,,,,,,,,,,,,,,,,,,,,,,,,,,SahilAktarMond,,,,,,,,,,,,,,,,,,,,,,,,,,,,,,
,,,,,,,,,,,,,,,,,,,,,,,,,,,,,,,,,,,,,,GoI_MeitY,,,,,,,,,,,,,,,,,,,,,,,,,,,,,,
,,,,,,,,,,,,,,,,,,,,,,,,,,,,,,,,,,,,,,MdhasanJaman,,,,,,,,,,,,,,,,,,,,,,,,,,,,,,
,,,,,,,,,,,,,,,,,,,,,,,,,,,,,,,,,,,,,,SubirDe35557319,,,,,,,,,,,,,,,,,,,,,,,,,,,,,,
,,,,,,,,,,,,,,,,,,,,,,,,,,,,,,,,,,,,,,Krishne10285217,,,,,,,,,,,,,,,,,,,,,,,,,,,,,,
,,,,,,,,,,,,,,,,,,,,,,,,,,,,,,,,,,,,,,GeorgeGolam,,,,,,,,,,,,,,,,,,,,,,,,,,,,,,
,,,,,,,,,,,,,,,,,,,,,,,,,,,,,,,,,,,,,,Kishor_AITC,,,,,,,,,,,,,,,,,,,,,,,,,,,,,,
